アア,安芸阿賀,あきあが
アイ,相生,あいおい
アウ,青郷,あおのごう
アオ,粟生,あお
アオ,青倉,あおくら
アオ,青原,あおはら
アオ,青谷,あおや
アオ,山城青谷,やましろあおだに
アカ,明石,あかし
アカ,阿川,あがわ
アカ,浅香,あさか
アカ,備後赤坂,びんごあかさか
アキ,赤碕,あかさき
アク,安治川口,あじかわぐち
アコ,余呉,よご
アサ,厚狭,あさ
アサ,朝霧,あさぎり
アサ,湯浅,ゆあさ
アシ,阿知須,あじす
アシ,芦屋,あしや
アス,足羽,あすわ
アセ,安栖里,あせり
アチ,足立,あしだち
アチ,甘地,あまじ
アツ,明塚,あかつか
アツ,厚保,あつ
アツ,朝来,あっそ
アツ,安土,あづち
アツ,穴水,あなみず
アト,安登,あと
アト,安曇川,あどがわ
アノ,相野,あいの
アノ,青野ケ原,あおのがはら
アノ,粟野,あわの
アヒ,我孫子町,あびこちょう
アフ,油日,あぶらひ
アヘ,安部,あべ
アホ,英賀保,あがほ
アマ,尼崎,あまがさき
アマ,余子,あまりこ
アマ,餘部,あまるべ
アミ,上道(鳥取),あがりみち
アミ,青海,おうみ
アミ,網野,あみの
アメ,雨晴,あまはらし
アモ,藍本,あいもと
アモ,足守,あしもり
アヤ,綾部,あやべ
アヤ,綾羅木,あやらぎ
アラ,芦原橋,あしはらばし
アラ,荒島,あらしま
アワ,粟津,あわづ
アワ,JR淡路,ジェイアールあわじ
アワ,粟屋,あわや
アン,徳庵,とくあん
イイ,飯井,いい
イカ,五日市,いつかいち
イキ,岩滝口,いわたきぐち
イク,生地,いくじ
イク,生野,いくの
イク,井倉,いくら
イク,岩倉,いわくら
イケ,川西池田,かわにしいけだ
イサ,石原,いさ
イサ,出雲神西,いずもじんざい
イシ,石蟹,いしが
イシ,石部,いしべ
イシ,石山,いしやま
イス,石動,いするぎ
イセ,能登市ノ瀬,のといちのせ
イソ,石生,いそう
イソ,五十猛,いそたけ
イタ,出雲高松,いずもたかまつ
イタ,伊丹,いたみ
イタ,今井田,いまいだ
イチ,市岡,いちおか
イチ,一乗谷,いちじょうだに
イチ,市場,いちば
イチ,井原市,いばらいち
イテ,猪名寺,いなでら
イテ,岩出,いわで
イト,糸魚川,いといがわ
イト,糸崎,いとざき
イナ,市波,いちなみ
イナ,稲枝,いなえ
イナ,稲荷,いなり
イニ,猪谷,いのたに
イノ,居能,いのう
イハ,茨木,いばらき
イハ,岩鼻,いわはな
イハ,岩山,いわやま
イフ,和泉府中,いずみふちゅう
イフ,動橋,いぶりはし
イヘ,伊部,いんべ
イマ,今庄,いまじょう
イマ,今宮,いまみや
イミ,伊上,いがみ
イミ,印南,いなみ
イミ,岩美,いわみ
イム,安芸飯室,あきいむろ
イモ,出雲市,いずもし
イヤ,生野屋,いくのや
イヤ,揖屋,いや
イラ,飯浦,いいのうら
イラ,市原,いちはら
イラ,稲原,いなはら
イリ,伊里,いり
イロ,岩代,いわしろ
イワ,伊賀和志,いかわし
イワ,岩田,いわた
イン,院庄,いんのしょう
イン,因原,いんばら
ウイ,宇都井,うづい
ウエ,上野芝,うえのしば
ウオ,魚住,うおずみ
ウオ,魚津,うおづ
ウカ,鵜飼(広島),うかい
ウカ,鵜飼(石川),うかい
ウカ,宇賀本郷,うかほんごう
ウク,宇久井,うくい
ウケ,宇野気,うのけ
ウシ,潮,うしお
ウシ,鵜島,うしま
ウシ,宇部新川,うべしんかわ
ウタ,宇田郷,うたごう
ウチ,宇治,うじ
ウチ,小河内,おがうち
ウチ,内名,うちな
ウツ,宇出津,うしつ
ウツ,太秦,うずまさ
ウト,上戸,うえど
ウト,河戸,こうど
ウネ,有年,うね
ウノ,宇野,うの
ウハ,鵜川,うかわ
ウヒ,畝傍,うねび
ウヘ,宇部,うべ
ウマ,植松,うえまつ
ウマ,馬堀,うまほり
ウマ,美山,みやま
ウミ,宇部岬,うべみさき
ウメ,梅ケ峠,うめがとう
ウモ,浦本,うらもと
ウラ,牛ケ原,うしがはら
ウラ,浦安,うらやす
ウラ,紀伊浦神,きいうらがみ
ウラ,安浦,やすうら
エイ,JR河内永和,ジェイアールかわちえいわ
エオ,越前大宮,えちぜんおおみや
エコ,越中国分,えっちゅうこくぶ
エサ,江崎,えさき
エサ,比叡山坂本,ひえいざんさかもと
エシ,越前下山,えちぜんしもやま
エス,江住,えすみ
エタ,越前富田,えちぜんとみだ
エツ,越中中川,えっちゅうなかがわ
エツ,上越妙高,じょうえつみょうこう
エト,越前東郷,えちぜんとうごう
エナ,越中中島,えっちゅうなかじま
エノ,越前大野,えちぜんおおの
エハ,越前花堂,えちぜんはなんどう
エハ,江原,えばら
エヒ,江尾,えび
エヒ,海老江,えびえ
エモ,越中大門,えっちゅうだいもん
エヤ,家,えきや
エヤ,越中山田,えっちゅうやまだ
エン,円町,えんまち
オイ,近江今津,おうみいまづ
オイ,長門大井,ながとおおい
オウ,王子保,おうしお
オオ,大田市,おおだし
オカ,岡山,おかやま
オキ,大阪城北詰,おおさかじょうきたづめ
オキ,九十九湾小木,つくもわんおぎ
オク,大久保(兵庫),おおくぼ
オク,邑久,おく
オク,JR小倉,ジェイアールおぐら
オケ,大竹,おおたけ
オコ,小野田港,おのだこう
オサ,大阪,おおさか
オシ,王寺,おうじ
オシ,近江塩津,おうみしおつ
オシ,大阪城公園,おおさかじょうこうえん
オス,大住,おおすみ
オス,親不知,おやしらず
オセ,尾関山,おぜきやま
オセ,加賀温泉,かがおんせん
オソ,大篠津町,おおしのづちょう
オタ,近江高島,おうみたかしま
オタ,大谷,おおたに
オタ,小田,おだ
オチ,大河内,おおかわち
オチ,太市,おおいち
オツ,大津,おおつ
オツ,大津京,おおつきょう
オツ,小月,おづき
オテ,大阪天満宮,おおさかてんまんぐう
オト,大富,おおどみ
オト,鳳,おおとり
オナ,近江中庄,おうみなかしょう
オヌ,小奴可,おぬか
オネ,大嶺,おおみね
オノ,小野,おの
オノ,小野田,おのだ
オハ,黄檗,おうばく
オハ,大畠,おおばたけ
オハ,小浜,おばま
オハ,小原,おばら
オフ,於福,おふく
オマ,近江舞子,おうみまいこ
オマ,大町,おおまち
オミ,岡見,おかみ
オミ,京丹後大宮,きょうたんごおおみや
オモ,大元,おおもと
オヤ,丹波大山,たんばおおやま
オリ,折居,おりい
オワ,大河原,おおかわら
オワ,大岩,おおいわ
オワ,美作追分,みまさかおいわけ
オン,乙原,おんばら
カイ,河内磐船,かわちいわふね
カイ,高井田,たかいだ
カイ,美作河井,みまさかかわい
カウ,加茂郷,かもごう
カウ,神目,こうめ
カオ,亀岡,かめおか
カカ,香登,かがと
カカ,鹿賀,しかが
カキ,柿ケ島,かきがしま
カキ,笠置,かさぎ
カキ,高木,たかぎ
カキ,淵垣,ふちがき
カク,香久山,かぐやま
カク,梶栗郷台地,かじくりごうだいち
カケ,加計,かけ
カコ,加古川,かこがわ
カコ,上郷,かみごう
カサ,笠岡,かさおか
カサ,風早,かざはや
カシ,柏原(大阪),かしわら
カシ,玉柏,たまがし
カス,香住,かすみ
カス,上菅,かみすげ
カセ,河瀬,かわせ
カタ,海田市,かいたいち
カタ,堅田,かたた
カタ,亀嵩,かめだけ
カタ,備前片岡,びぜんかたおか
カタ,三方,みかた
カチ,鍛冶屋,かじや
カチ,片町,かたまち
カチ,上川立,かみかわたち
カチ,河内堅上,かわちかたかみ
カツ,勝間,かつま
カツ,桂川,かつらがわ
カツ,紀伊勝浦,きいかつうら
カツ,はりま勝原,はりまかつはら
カテ,鎌手,かまて
カト,加斗,かと
カト,加太,かぶと
カト,上戸手,かみとで
カト,上殿,かみとの
カト,川戸,かわど
カナ,海南,かいなん
カナ,加茂中,かもなか
カノ,高野,たかの
カニ,河合西,かわいにし
カニ,川西,かわにし
カノ,上の町,かみのちょう
カノ,神野,かんの
カノ,小天橋,しょうてんきょう
カハ,勝原,かどはら
カハ,金橋,かなはし
カハ,河原,かわはら
カヒ,川平,かわひら
カフ,粕淵,かすぶち
カフ,甲,かぶと
カフ,上深川,かみふかわ
カヘ,刑部,おさかべ
カヘ,可部,かべ
カヘ,上田辺,かみたなべ
カホ,笠師保,かさしほ
カマ,加賀笠間,かがかさま
カマ,加島,かしま
カマ,かるが浜,かるがはま
カマ,備中高松,びっちゅうたかまつ
カミ,加美,かみ
カミ,上石見,かみいわみ
カミ,上郡,かみごおり
カミ,上中,かみなか
カミ,上三田,かみみた
カミ,備前片上,びぜんかたかみ
カメ,安芸亀山,あきかめやま
カメ,あき亀山,あきかめやま
カメ,亀甲,かめのこう
カメ,亀山(三重),かめやま
カモ,石見川本,いわみかわもと
カモ,加茂,かも
カヤ,梶屋敷,かじやしき
カヤ,上八木,かみやぎ
カヤ,中国勝山,ちゅうごくかつやま
カラ,柏原(兵庫),かいばら
カラ,唐崎,からさき
カラ,川原石,かわらいし
カリ,鷹狩,たかがり
カリ,光,ひかり
カル,狩留家,かるが
カワ,嘉川,かがわ
カワ,金川,かながわ
カワ,上川口,かみかわぐち
カワ,河毛,かわけ
カン,神辺,かんなべ
キア,紀伊有田,きいありた
キイ,紀伊,きい
キウ,紀伊内原,きいうちはら
キオ,紀伊小倉,きいおぐら
キオ,北大野,きたおおの
キオ,下祇園,しもぎおん
キカ,紀伊長田,きいながた
キカ,木坂,きさか
キコ,北河内,きたごうち
キサ,紀伊佐野,きいさの
キサ,吉舎,きさ
キサ,北鯖江,きたさばえ
キサ,城崎温泉,きのさきおんせん
キシ,北信太,きたしのだ
キシ,岸本,きしもと
キス,木次,きすき
キセ,紀伊新庄,きいしんじょう
キタ,北伊丹,きたいたみ
キタ,北宇智,きたうち
キチ,京口,きょうぐち
キツ,安芸津,あきつ
キツ,木津,きづ
キト,京都,きょうと
キト,黄波戸,きわど
キナ,北長瀬,きたながせ
キナ,京田辺,きょうたなべ
キネ,清音,きよね
キノ,木ノ本,きのもと
キノ,木野山,きのやま
キハ,紀伊田原,きいたはら
キハ,京橋,きょうばし
キヒ,紀伊日置,きいひき
キヒ,吉備津,きびつ
キフ,貴生川,きぶかわ
キヘ,岸辺,きしべ
キヘ,滝部,たきべ
キホ,久宝寺,きゅうほうじ
キマ,来待,きまち
キマ,牧山,まきやま
キミ,木見,きみ
キミ,紀三井寺,きみいでら
キミ,古君,ふるきみ
キメ,欽明路,きんめいじ
キヤ,紀伊山田,きいやまだ
キヤ,気山,きやま
キヨ,木与,きよ
キラ,木路原,きろはら
キリ,北小谷,きたおたり
キリ,きりはまビーチ,きりはまビーチ
キリ,切目,きりめ
キワ,紀和,きわ
キワ,岐波,きわ
クア,呉ポートピア,くれポートピア
クオ,頸城大野,くびきおおの
クカ,玖珂,くが
クカ,黒坂,くろさか
クク,久々原,くぐはら
クケ,久下村,くげむら
クコ,関西空港,かんさいくうこう
クコ,九頭竜湖,くずりゅうこ
クサ,香草,かぐさ
クサ,草津,くさつ
クサ,草野,くさの
クシ,櫛ケ浜,くしがはま
クシ,久代,くしろ
クセ,久世,くせ
クタ,久谷,くたに
クタ,下松(山口),くだまつ
クチ,河崎口,かわさきぐち
クテ,久手,くて
クト,串本,くしもと
クト,宮内串戸,みやうちくしど
クニ,岩国,いわくに
クニ,国英,くにふさ
クノ,上夜久野,かみやくの
クノ,下久野,しもくの
クハ,玖波,くば
クハ,久美浜,くみはま
クヒ,広,ひろ
クヘ,黒部宇奈月温泉,くろべうなづきおんせん
クホ,周防久保,すおうくぼ
クマ,熊取,くまとり
クミ,居組,いぐみ
クム,玖村,くむら
クメ,久米田,くめだ
クモ,雲井,くもい
クヤ,熊山,くまやま
クヨ,倉吉,くらよし
クラ,倉敷,くらしき
クリ,倶利伽羅,くりから
クリ,西栗栖,にしくりす
クレ,呉,くれ
クロ,黒井,くろい
クロ,黒井村,くろいむら
クロ,黒江,くろえ
クロ,黒田庄,くろだしょう
クロ,黒部,くろべ
クロ,黒松,くろまつ
クワ,南桑,なぐわ
クン,栗田,くんだ
ケキ,毛木,けぎ
ケタ,竹田,たけだ
ケマ,競輪場前,けいりんじょうまえ
ケラ,竹原,たけはら
ケン,玄武洞,げんぶどう
コイ,JR五位堂,ジェイアールごいどう
コウ,河内,こうち
コウ,江津,ごうつ
コウヤマ,かぶと山,かぶとやま
コエ,石見川越,いわみかわごえ
コカ,甲賀,こうか
コキ,高儀,たかぎ
コク,高野口,こうやぐち
コク,小串,こぐし
コケ,豪渓,ごうけい
コケ,鴻池新田,こうのいけしんでん
コケ,郡家,こおげ
ココ,小舞子,こまいこ
ココ,金光,こんこう
コサ,古座,こざ
コシ,甲子園口,こうしえんぐち
コシ,越ケ浜,こしがはま
コシ,児島,こじま
コシ,琴芝,ことしば
コス,小杉,こすぎ
コセ,御所,ごせ
コタ,甲立,こうたち
コタ,小滝,こたき
コタ,木幡,こはた
コチ,江津本町,ごうつほんまち
コチ,御着,ごちゃく
コツ,上月,こうづき
コツ,特牛,こっとい
コテ,五条,ごじょう
コト,おごと温泉,おごとおんせん
コト,厚東,ことう
コナ,甲南,こうなん
コナ,江南,こうなん
コナ,甲南山手,こうなんやまて
コヌ,甲奴,こうぬ
コハ,戸田小浜,とだこはま
コフ,国府,こくふ
コヘ,神戸(兵庫),こうべ
コホ,御坊,ごぼう
コホ,河戸帆待川,こうどほまちがわ
コマ,胡麻,ごま
コマ,下狛,しもこま
コミ,古見,こみ
コミ,大和小泉,やまとこいずみ
コヤ,小屋浦,こやうら
コヤ,湖山,こやま
コラ,江平,ごうびら
コラ,小倉,こくら
コリ,小郡,おごおり
コリ,郡山,こおりやま
コロ,神代,こうじろ
コロ,香呂,こうろ
コワ,粉河,こかわ
コワ,小和清水,こわしょうず
サア,嵯峨嵐山,さがあらしやま
サエ,草江,くさえ
サエ,鯖江,さばえ
サカ,出雲坂根,いずもさかね
サカ,坂,さか
サカ,嵯峨,さが
サカ,坂田,さかた
サキ,松崎,まつざき
サク,作木口,さくぎぐち
サク,桜井,さくらい
サク,篠山口,ささやまぐち
サコ,梅迫,うめざこ
ササ,安芸幸崎,あきさいざき
ササ,笹津,ささづ
サシ,西大寺,さいだいじ
サシ,堺市,さかいし
サシ,坂越,さこし
サセ,西条,さいじょう
サタ,沢谷,さわだに
サタ,三田,さんだ
サツ,佐津,さつ
サト,里庄,さとしょう
サネ,坂根,さかね
サヒ,境港,さかいみなと
サヒ,新旭,しんあさひ
サマ,桜島,さくらじま
サマ,三本松口,さんぼんまつぐち
サミ,三見,さんみ
サヤ,周防佐山,すおうさやま
サヨ,佐用,さよ
サラ,桜ノ宮,さくらのみや
サラ,佐良山,さらやま
サリ,浅利,あさり
サワ,金沢,かなざわ
サン,三郷,さんごう
サン,三段峡,さんだんきょう
サン,三ノ宮,さんのみや
シイ,下井阪,しもいさか
シイ,下市,しもいち
シイ,新市,しんいち
シイ,新岩国,しんいわくに
シオ,島尾,しまお
シオ,新大阪,しんおおさか
シオ,新尾道,しんおのみち
シカ,志賀,しが
シカ,下川辺,しもかわべ
シキ,志紀,しき
シキ,式敷,しきじき
シキ,敷浪,しきなみ
シキ,鴫野,しぎの
シキ,鍼灸大学前,しんきゅうだいがくまえ
シク,さくら夙川,さくらしゅくがわ
シク,下奥井,しもおくい
シク,志和口,しわぐち
シク,新宮,しんぐう
シク,新倉敷,しんくらしき
シケ,重安,しげやす
シケ,上下,じょうげ
シコ,周防下郷,すおうしもごう
シサ,下里,しもさと
シサ,新三田,しんさんだ
シス,志都美,しずみ
シセ,新下関,しんしものせき
シタ,梶田,かじた
シタ,新高岡,しんたかおか
シチ,北新地,きたしんち
シチ,塩町,しおまち
シツ,静間,しずま
シツ,下津,しもつ
シテ,新田,しんでん
シト,JR俊徳道,ジェイアールしゅんとくみち
シト,新堂,しんどう
シナ,阿品,あじな
シナ,新長田,しんながた
シノ,信太山,しのだやま
シノ,篠原,しのはら
シノ,下夜久野,しもやくの
シハ,柴山,しばやま
シハ,城端,じょうはな
シハ,備後庄原,びんごしょうばら
シヒ,下兵庫,しもひょうご
シヒ,新平野,しんひらの
シフ,忍ケ丘,しのぶがおか
シフ,渋木,しぶき
シヘ,新神戸,しんこうべ
シマ,島田,しまた
シマ,島本,しまもと
シマ,下松(大阪),しもまつ
シマ,生山,しょうやま
シミ,冷水浦,しみずうら
シミ,新加美,しんかみ
シメ,東雲,しののめ
シモ,香芝,かしば
シモ,下府,しもこう
シモ,下唯野,しもゆいの
シヤ,塩屋,しおや
シヤ,下山,しもやま
シヤ,新今宮,しんいまみや
シヤ,新山口,しんやまぐち
シヨ,梅小路京都西,うめこうじきょうとにし
シヨ,四所,ししょ
シヨ,正院,しょういん
シヨ,城陽,じょうよう
シラ,白市,しらいち
シラ,白浜,しらはま
シリ,安芸川尻,あきかわじり
シロ,四郎ケ原,しろうがはら
シワ,四条畷,しじょうなわて
シワ,西川原,にしがわら
シワ,志和地,しわち
シン,宍道,しんじ
シン,新広,しんひろ
シン,新家,しんげ
スイ,吹田,すいた
スイ,飯田,いいだ
スキ,杉本町,すぎもとちょう
スキ,安来,やすぎ
スコ,須磨海浜公園,すまかいひんこうえん
スサ,須佐,すさ
スサ,周参見,すさみ
スシ,水尻,みずしり
スス,珠洲,すず
スス,雀田,すずめだ
スタ,隅田,すだ
スタ,備後安田,びんごやすだ
スト,住道,すみのどう
スナ,和泉砂川,いずみすながわ
スナ,須波,すなみ
スネ,末恒,すえつね
スノ,安野,やすの
スフ,周布,すふ
スマ,須磨,すま
スミ,住吉,すみよし
スミ,長門三隅,ながとみすみ
スリ,衣摺加美北,きずりかみきた
セイ,甲西,こうせい
セイ,美作千代,みまさかせんだい
セウ,荘原,しょうばら
セオ,千里丘,せんりおか
セキ,下関,しものせき
セキ,関,せき
セセ,膳所,ぜぜ
セタ,笠田,かせだ
セタ,瀬田,せた
セト,瀬戸,せと
セノ,瀬野,せの
セハ,勢浜,せいはま
セワ,城川原,じょうがわら
セン,仙崎,せんざき
セン,千旦,せんだ
セン,千本,せんぼん
ソイ,曽我井,そがい
ソコ,寒河,そうご
ソシ,JR総持寺,ジェイアールそうじじ
ソネ,曽根,そね
ソノ,園部,そのべ
ソヤ,総社,そうじゃ
ソラ,前空,まえぞら
タア,大安寺,だいあんじ
タイ,太地,たいじ
タイ,大聖寺,だいしょうじ
タイ,大道,だいどう
タイ,高井田中央,たかいだちゅうおう
タイ,備前田井,びぜんたい
タウ,誕生寺,たんじょうじ
タウ,道場,どうじょう
タエ,玉江,たまえ
タオ,玉造温泉,たまつくりおんせん
タオ,播磨高岡,はりまたかおか
タカ,高,たか
タカ,高岡,たかおか
タカ,鷹取,たかとり
タカ,山城多賀,やましろたが
タキ,滝,たき
タキ,田儀,たぎ
タキ,立木,たちき
タキ,夕日ヶ浦木津温泉,ゆうひがうらきつおんせん
タキ,三滝,みたき
タク,大山口,だいせんぐち
タケ,竹,たけ
タケ,竹野,たけの
タケ,武田尾,たけだお
タコ,田子,たこ
タコ,蛸島,たこじま
タシ,大社,たいしゃ
タセ,大正,たいしょう
タセ,伯耆大山,ほうきだいせん
タタ,越前高田,えちぜんたかだ
タタ,高田,たかだ
タチ,高松町,たかまつちょう
タチ,立花,たちばな
タチ,丹治部,たじべ
タツ,高津,たかつ
タツ,高槻,たかつき
タツ,田津,たづ
タテ,天橋立,あまのはしだて
タテ,玉手,たまで
タナ,棚倉,たなくら
タト,出雲大東,いずもだいとう
タニ,谷浜,たにはま
タニ,谷川,たにかわ
タヌ,竜野,たつの
タネ,周防高森,すおうたかもり
タノ,越前田野,えちぜんたの
タノ,滝野,たきの
タノ,田之尻,たのしり
タハ,若狭高浜,わかさたかはま
タヒ,丹比,たんぴ
タフ,武生,たけふ
タフ,田布施,たぶせ
タヘ,紀伊田辺,きいたなべ
タヘ,建部,たけべ
タヘ,田辺,たなべ
タマ,高島,たかしま
タマ,高松,たかまつ
タマ,玉水,たまみず
タミ,高水,たかみず
タミ,田並,たなみ
タム,田村,たむら
タヤ,和田山,わだやま
タラ,大多羅,おおだら
タル,垂水,たるみ
タン,丹波口,たんばぐち
タンゴカンザキ,丹後神崎,たんごかんざき
チア,美作落合,みまさかおちあい
チイ,備後落合,びんごおちあい
チウ,道上,みちのうえ
チカ,近田,ちかた
チカ,千金,ちがね
チケ,寺家,じけ
チサ,千里,ちさと
チタ,打田,うちた
チチ,千路,ちじ
チツ,智頭,ちず
チト,上道(岡山),じょうとう
チハ,口羽,くちば
チフ,地福,じふく
チマ,市島,いちじま
チミ,知井宮,ちいみや
チモ,櫟本,いちのもと
チモ,長門峡,ちょうもんきょう
チヤ,茶屋町,ちゃやまち
チヨ,長府,ちょうふ
チヨ,千代川,ちよかわ
チヨ,勅旨,ちょくし
チワ,知和,ちわ
ツイ,鶴居,つるい
ツオ,越中八尾,えっちゅうやつお
ツカ,石見都賀,いわみつが
ツカ,塚口,つかぐち
ツカ,筒賀,つつが
ツカ,松永,まつなが
ツキ,高月,たかつき
ツキ,月ケ瀬口,つきがせぐち
ツキ,月田,つきだ
ツク,津山口,つやまぐち
ツケ,柘植,つげ
ツサ,妻崎,つまざき
ツシ,四辻,よつつじ
ツタ,石見津田,いわみつだ
ツダ,津田,つだ
ツチ,土山,つちやま
ツチ,中土,なかつち
ツツ,通津,つづ
ツツ,筒石,つついし
ツナ,津浪,つなみ
ツネ,常山,つねやま
ツノ,津久野,つくの
ツノ,都野津,つのづ
ツノ,坪野,つぼの
ツハ,椿,つばき
ツハ,津幡,つばた
ツハ,鶴橋,つるはし
ツホ,坪井,つぼい
ツモ,塚本,つかもと
ツヤ,津山,つやま
ツリ,玉造,たまつくり
ツル,敦賀,つるが
ツル,鶴ケ丘,つるがおか
ツル,西舞鶴,にしまいづる
ツワ,津和野,つわの
テシ,寺庄,てらしょう
テタ,寺田町,てらだちょう
テハ,手原,てはら
テマ,紀伊天満,きいてんま
テマ,天満,てんま
テラ,能美根上,のみねあがり
テラ,寺前,てらまえ
テリ,天理,てんり
テワ,天和,てんわ
テン,天神川,てんじんがわ
テン,天王寺,てんのうじ
トイ,土居(広島),どい
トイ,戸出,といで
トイ,東部市場前,とうぶしじょうまえ
トイ,美作土居,みまさかどい
トウ,後藤,ごとう
トカ,豊岡,とよおか
トキ,常盤,ときわ
トク,富山口,とやまぐち
トク,播磨徳久,はりまとくさ
トケ,帯解,おびとけ
トコ,道後山,どうごやま
トコ,床波,とこなみ
トサ,徳佐,とくさ
トシ,大歳,おおとし
トシ,同志社前,どうししゃまえ
トシ,道成寺,どうじょうじ
トシ,能登鹿島,のとかしま
トセ,東城,とうじょう
トタ,紀伊富田,きいとんだ
トタ,摂津富田,せっつとんだ
トタ,徳田,とくだ
トタ,鳥取大学前,とっとりだいがくまえ
トチ,戸河内,とごうち
トツ,和泉鳥取,いずみとっとり
トテ,戸手,とで
トナ,砺波,となみ
トノ,富木,とのき
トノ,富海,とのみ
トハ,大鳥羽,おおとば
トフ,東福寺,とうふくじ
トマ,徳山,とくやま
トマ,泊(富山),とまり
トマ,泊(鳥取),とまり
トミ,富原,とみはら
トム,十村,とむら
トヤ,富山,とやま
トラ,虎姫,とらひめ
トリ,鳥取,とっとり
トロ,大土呂,おおどろ
トロ,所木,ところぎ
ナイ,中居,なかい
ナイ,長居,ながい
ナオ,直江,なおえ
ナオ,長尾,ながお
ナオ,南小野田,みなみおのだ
ナカ,中島,なかしま
ナカ,中畑,なかはた
ナカ,長柄,ながら
ナカ,滑川,なめりかわ
ナキ,長岡京,ながおかきょう
ナキ,那岐,なぎ
ナク,佐那具,さなぐ
ナク,名草,なぐさ
ナケ,長池,ながいけ
ナコ,奈古,なご
ナサ,長門長沢,ながとながさわ
ナシ,紀伊中ノ島,きいなかのしま
ナシ,中庄,なかしょう
ナシ,西宮名塩,にしのみやなじお
ナセ,JR長瀬,ジェイアールながせ
ナセ,梁瀬,やなせ
ナセ,柳瀬,やなぜ
ナタ,長滝,ながたき
ナタ,灘,なだ
ナタ,向洋,むかいなだ
ナチ,名立,なだち
ナチ,那智,なち
ナツ,安芸長束,あきながつか
ナツ,中津幡,なかつばた
ナテ,名手,なて
ナト,長門市,ながとし
ナナ,七尾,ななお
ナナ,七塚,ななつか
ナニ,長谷,ながたに
ナノ,安芸中野,あきなかの
ナハ,安芸長浜,あきながはま
ナハ,永原,ながはら
ナハ,JR難波,ジェイアールなんば
ナハ,楢原,ならはら
ナヒ,中野東,なかのひがし
ナフ,中深川,なかふかわ
ナヘ,鍋倉,なべくら
ナホ,直江津,なおえつ
ナマ,金丸,かねまる
ナマ,中浜,なかはま
ナマ,生瀬,なまぜ
ナミ,鹿波,かなみ
ナミ,中三田,なかみた
ナミ,並河,なみかわ
ナミ,藤並,ふじなみ
ナム,中村町,なかむらまち
ナヤ,中山口,なかやまぐち
ナヤ,平城山,ならやま
ナヨ,新南陽,しんなんよう
ナラ,奈良,なら
ナリ,出雲三成,いずもみなり
ナリ,中飯降,なかいぶり
ナワ,名和,なわ
ナワ,東金沢,ひがしかなざわ
ナワ,南中川,みなみなかがわ
ナン,南条,なんじょう
ニア,西明石,にしあかし
ニア,西阿知,にしあち
ニイ,新井,にい
ニイ,西相生,にしあいおい
ニイ,西岩国,にしいわくに
ニウ,入善,にゅうぜん
ニオ,西大路,にしおおじ
ニカ,西笠田,にしかせだ
ニカ,西片上,にしかたかみ
ニキ,西岸,にしぎし
ニキ,錦町,にしきちょう
ニク,西九条,にしくじょう
ニサ,新郷,にいざと
ニサ,西金沢,にしかなざわ
ニシ,西入善,にしにゅうぜん
ニシ,西宮,にしのみや
ニシ,備前西市,びぜんにしいち
ニス,西木津,にしきづ
ニタ,仁方,にがた
ニタ,南吹田,みなみすいた
ニタ,西高岡,にしたかおか
ニチ,日原,にちはら
ニツ,西大津,にしおおつ
ニツ,西敦賀,にしつるが
ニツ,仁保津,にほづ
ニテ,二条,にじょう
ニト,西富山,にしとやま
ニノ,新野,にいの
ニノ,仁豊野,にぶの
ニハ,西浜田,にしはまだ
ニヒ,西広島,にしひろしま
ニホ,仁保,にほ
ニマ,西勝間田,にしかつまだ
ニマ,仁万,にま
ニミ,新見,にいみ
ニモ,西出雲,にしいずも
ニヤ,西高屋,にしたかや
ニユ,入野,にゅうの
ニヨ,西三次,にしみよし
ニレ,楡原,にれはら
ニワ,新西脇,しんにしわき
ニワ,庭瀬,にわせ
ヌノ,布,ぬの
ヌノ,布原,ぬのはら
ネウ,根雨,ねう
ネカ,根笠,みかわまち
ネチ,根知,ねち
ノイ,津ノ井,つのい
ノウ,天応,てんのう
ノエ,JR野江,ジェイアールのえ
ノオ,妹尾,せのお
ノカ,殿賀,とのが
ノカ,能登中島,のとなかじま
ノキ,乃木,のぎ
ノキ,野崎,のざき
ノク,新井口,しんいのくち
ノサ,野里,のざと
ノシ,白丸,しろまる
ノセ,田井ノ瀬,たいのせ
ノセ,能瀬,のせ
ノタ,野田,のだ
ノチ,野馳,のち
ノチ,水内,みのち
ノツ,大篠津,おおしのづ
ノト,能登川,のとがわ
ノト,能登部,のとべ
ノノ,野々市,ののいち
ノノ,野々口,ののくち
ノフ,能生,のう
ノフ,信木,のぶき
ノマ,小野町,おのまち
ノマ,能町,のうまち
ノミ,忠海,ただのうみ
ノミ,能登二宮,のとにのみや
ノミ,備前一宮,びぜんいちのみや
ノメ,篠目,しのめ
ノヤ,青野山,あおのやま
ノヤ,牛ノ谷,うしのや
ノラ,大野浦,おおのうら
ノラ,小浦,おうら
ノリ,大乗,おおのり
ノワ,九里川尻,くりかわしり
ハア,播州赤穂,ばんしゅうあこう
ハイ,計石,はかりいし
ハカ,博多,はかた
ハキ,萩,はぎ
ハク,新白島,しんはくしま
ハク,羽咋,はくい
ハケ,丹波竹田,たんばたけだ
ハケ,畠田,はたけだ
ハサ,迫川,はざかわ
ハサ,馬場崎町,ばばさきちょう
ハサ,浜坂,はまさか
ハシ,波子,はし
ハシ,和泉橋本,いずみはしもと
ハシ,林,はやし
ハシ,播磨新宮,はりましんぐう
ハス,蓮町,はすまち
ハス,羽安,はやす
ハセ,長谷(兵庫),はせ
ハソ,花園,はなぞの
ハタ,幡生,はたぶ
ハチ,土師,はじ
ハチ,八本松,はちほんまつ
ハツ,廿日市,はつかいち
ハツ,八田原,はったばら
ハツ,初島,はつしま
ハテ,京終,きょうばて
ハト,八東,はっとう
ハト,服部,はっとり
ハナ,周防花岡,すおうはなおか
ハナ,放出,はなてん
ハネ,羽根,はね
ハネ,波根,はね
ハノ,林野,はやしの
ハハ,八浜,はちはま
ハフ,埴生,はぶ
ハフ,隼,はやぶさ
ハホ,速星,はやほし
ハマ,長浜,ながはま
ハマ,浜田,はまだ
ハミ,博多南,はかたみなみ
ハミ,波並,はなみ
ハム,浜村,はまむら
ハモ,橋本,はしもと
ハヤ,幡屋,はたや
ハヤ,芳養,はや
ハヤ,早島,はやしま
ハラ,浜原,はまはら
ハリ,梅林,ばいりん
ハル,春江,はるえ
ハロ,博労町,ばくろうまち
ヒア,東青原,ひがしあおはら
ヒイ,東岩瀬,ひがしいわせ
ヒエ,比延,ひえ
ヒエ,東松江,ひがしまつえ
ヒオ,日岡,ひおか
ヒオ,東岡山,ひがしおかやま
ヒオ,東小浜,ひがしおばま
ヒカ,東貝塚,ひがしかいづか
ヒカ,東加古川,ひがしかこがわ
ヒカ,備中高梁,びっちゅうたかはし
ヒキ,東岸和田,ひがしきしわだ
ヒク,東石黒,ひがしいしぐろ
ヒケ,東郡家,ひがしこおげ
ヒコ,東山公園,ひがしやまこうえん
ヒコ,彦崎,ひこさき
ヒコ,彦根,ひこね
ヒサ,東佐野,ひがしさの
ヒサ,備後西城,びんごさいじょう
ヒシ,東新川,ひがししんかわ
ヒシ,美章園,びしょうえん
ヒシ,備中神代,びっちゅうこうじろ
ヒセ,備中広瀬,びっちゅうひろせ
ヒソ,東総社,ひがしそうじゃ
ヒタ,新疋田,しんひきだ
ヒチ,七軒茶屋,しちけんぢゃや
ヒチ,東尾道,ひがしおのみち
ヒツ,東津山,ひがしつやま
ヒト,東富山,ひがしとやま
ヒト,人丸,ひとまる
ヒナ,東滑川,ひがしなめりかわ
ヒナ,日生,ひなせ
ヒネ,日根野,ひねの
ヒノ,東野尻,ひがしのじり
ヒノ,日登,ひのぼり
ヒノ,備後矢野,びんごやの
ヒハ,東萩,ひがしはぎ
ヒハ,東羽衣,ひがしはごろも
ヒハ,東觜崎,ひがしはしさき
ヒハ,東美浜,ひがしみはま
ヒハ,備前原,びぜんはら
ヒヒ,東広島,ひがしひろしま
ヒヒ,東姫路,ひがしひめじ
ヒフ,東福山,ひがしふくやま
ヒホ,備後本庄,びんごほんじょう
ヒマ,東浜,ひがしはま
ヒマ,比婆山,ひばやま
ヒミ,氷見,ひみ
ヒミ,備後三川,びんごみかわ
ヒメ,紀伊姫,きいひめ
ヒメ,姫川,ひめかわ
ヒメ,姫路,ひめじ
ヒヤ,寝屋川公園,ねやがわこうえん
ヒヤ,東八尾,ひがしやつお
ヒヤ,備後八幡,びんごやわた
ヒヨ,東淀川,ひがしよどがわ
ヒヨ,日吉,ひよし
ヒラ,比良(滋賀),ひら
ヒラ,平岩,ひらいわ
ヒラ,平子,ひらこ
ヒラ,平野,ひらの
ヒラ,船平山,ふなひらやま
ヒル,東舞鶴,ひがしまいづる
ヒロ,広川ビーチ,ひろかわビーチ
ヒロ,広島,ひろしま
ヒワ,日羽,ひわ
フイ,福井,ふくい
フイ,古市橋,ふるいちばし
フウ,婦中鵜坂,ふちゅううさか
フエ,福江,ふくえ
フオ,因幡船岡,いなばふなおか
フオ,福岡,ふくおか
フカ,下深川,しもふかわ
フカ,備前福河,びぜんふくかわ
フキ,伏木,ふしき
フク,福島,ふくしま
フク,福光,ふくみつ
フク,福山,ふくやま
フサ,福崎,ふくさき
フサ,藤阪,ふじさか
フシ,新福島,しんふくしま
フシ,藤井,ふじい
フタ,長門二見,ながとふたみ
フタ,大和二見,やまとふたみ
フチ,福知山,ふくちやま
フチ,府中,ふちゅう
フツ,二塚,ふたつか
フナ,船岡,ふなおか
フナ,船佐,ふなさ
フナ,船戸,ふなと
フナ,船町口,ふなまちぐち
フネ,長船,おさふね
フノ,福野,ふくの
フフ,藤生,ふじゅう
フヘ,福部,ふくべ
フミ,深溝,ふかみぞ
フミ,藤波,ふじなみ
フミ,富士見町,ふじみちょう
フモ,JR藤森,ジェイアールふじのもり
フリ,市振,いちぶり
フル,長門古市,ながとふるいち
フル,古市,ふるいち
フワ,福川,ふくがわ
ヘウ,兵庫,ひょうご
ヘシ,ひめじ別所,ひめじべっしょ
ヘサ,戸坂,へさか
ヘソ,日本へそ公園,にほんへそこうえん
ヘタ,戸田,へた
ヘテ,弁天町,べんてんちょう
ヘノ,伊賀上野,いがうえの
ヘラ,比良(石川),びら
ホウ,下北条,しもほうじょう
ホウ,宝達,ほうだつ
ホウ,宝殿,ほうでん
ホカ,法界院,ほうかいいん
ホキ,宝木,ほうぎ
ホク,本黒田,ほんくろだ
ホコ,方谷,ほうこく
ホコ,若狭本郷,わかさほんごう
ホシ,網干,あぼし
ホソ,祝園,ほうその
ホソ,細呂木,ほそろぎ
ホタ,星田,ほしだ
ホツ,保津峡,ほづきょう
ホノ,本竜野,ほんたつの
ホフ,防府,ほうふ
ホマ,本俣賀,ほんまたが
ホヤ,布施屋,ほしや
ホラ,蓬?,ほうらい
ホリ,砥堀,とほり
ホリ,法隆寺,ほうりゅうじ
ホン,本郷,ほんごう
ホン,本津幡,ほんつばた
マイ,米原,まいばら
マエ,前波,まえなみ
マカ,山家,やまが
マキ,マキノ,マキノ
マキ,巻向,まきむく
マキ,縄文真脇,じょうもんまわき
マク,真倉,まぐら
マコ,浜河内,はまごうち
マコ,舞子,まいこ
マシ,馬路,まじ
マス,益田,ますだ
マタ,勝間田,かつまだ
マチ,JR難波,ジェイアールなんば
マツ,北小松,きたこまつ
マツ,小松,こまつ
マツ,松江,まつえ
マテ,松尾寺,まつのおでら
マト,松任,まっとう
マト,万富,まんとみ
マナ,松波,まつなみ
マナ,万能倉,まなぐら
マハ,石見松原,いわみまつばら
マハ,島ケ原,しまがはら
マヤ,摩耶,まや
マヤ,松井山手,まついやまて
マル,丸尾,まるお
マル,丸岡,まるおか
マン,近江八幡,おうみはちまん
ミイ,能登三井,のとみい
ミイ,三石,みついし
ミイ,南岩国,みなみいわくに
ミエ,コウノトリの郷,こうのとりのさと
ミエ,美作江見,みまさかえみ
ミオ,南大嶺,みなみおおみね
ミオ,美作大崎,みまさかおおさき
ミカ,上嘉川,かみかがわ
ミカ,備前三門,びぜんみかど
ミカ,三日月,みかづき
ミカ,美川,みかわ
ミカ,美作加茂,みまさかかも
ミク,三国ケ丘,みくにがおか
ミク,御来屋,みくりや
ミク,南草津,みなみくさつ
ミク,南黒丸,みなみくろまる
ミク,宮島口,みやじまぐち
ミコ,上狛,かみこま
ミコ,南河内,みなみごうち
ミサ,三輪崎,みわさき
ミシ,清流新岩国,せいりゅうしんいわくに
ミシ,南宍道,みなみしんじ
ミス,神杉,かみすぎ
ミソ,伯耆溝口,ほうきみぞぐち
ミソ,溝口,みぞぐち
ミタ,南田辺,みなみたなべ
ミタ,美作滝尾,みまさかたきお
ミチ,尾道,おのみち
ミツ,石見福光,いわみふくみつ
ミツ,三松,みつまつ
ミツ,備後三日市,びんごみっかいち
ミテ,御幣島,みてじま
ミナ,美袋,みなぎ
ミナ,南大東,みなみだいとう
ミナ,南羽咋,みなみはくい
ミニ,三谷,みたに
ミネ,美祢,みね
ミネ,峰山,みねやま
ミノ,三井野原,みいのはら
ミノ,箕島,みのしま
ミノ,宮野,みやの
ミハ,水橋,みずはし
ミハ,三原,みはら
ミヒ,南彦根,みなみひこね
ミヘ,南部,みなべ
ミホ,三保三隅,みほみすみ
ミマ,JR三山木,ジェイアールみやまき
ミマ,備中箕島,びっちゅうみしま
ミマ,宮前,みやまえ
ミマ,美浜,みはま
ミモ,三雲,みくも
ミヤ,紀伊宮原,きいみやはら
ミヤ,城北公園通,しろきたこうえんどおり
ミヤ,宮島桟橋,みやじまさんばし
ミヤ,宮津,みやづ
ミヤ,越中宮崎,えっちゅうみやざき
ミヨ,南今庄,みなみいまじょう
ミヨ,三次,みよし
ミラ,三浦,みうら
ミラ,三良坂,みらさか
ミリ,緑井,みどりい
ミロ,南矢代,みなみやしろ
ミロ,見老津,みろづ
ミワ,三輪,みわ
ムク,椋野,むくの
ムコ,武庫,むこ
ムコ,向日町,むこうまち
ムソ,六十谷,むそた
ムハ,向原,むかいはら
ムラ,野村,のむら
メイ,明峰,めいほう
メウ,妙寺,みょうじ
メテ,目出,めで
メテ,免田,めんでん
モキ,下滝,しもたき
モス,百舌鳥,もず
モタ,鴨方,かもがた
モタ,森田,もりた
モチ,板持,いたもち
モチ,用瀬,もちがせ
モト,長門本山,ながともとやま
モト,元町,もとまち
モニ,桃谷,ももだに
モモ,桃山,ももやま
モモ,森本,もりもと
モヤ,摂津本山,せっつもとやま
モリ,森ノ宮,もりのみや
モリ,森山,もりやま
モロ,諸寄,もろよせ
モン,大門,だいもん
ヤイ,柳井,やない
ヤオ,八尾,やお
ヤオ,安岡,やすおか
ヤカ,矢賀,やが
ヤカ,矢神,やがみ
ヤカ,八川,やかわ
ヤカ,八鹿,ようか
ヤキ,八木,やぎ
ヤキ,八次,やつぎ
ヤク,越前薬師,えちぜんやくし
ヤク,上山口,かみやまぐち
ヤク,厄神,やくじん
ヤサ,山崎,やまざき
ヤシ,出雲八代,いずもやしろ
ヤシ,山科,やましな
ヤシ,大和新庄,やまとしんじょう
ヤス,野洲,やす
ヤセ,石見簗瀬,いわみやなぜ
ヤタ,与謝野,よさの
ヤチ,安芸矢口,あきやぐち
ヤチ,山ノ内,やまのうち
ヤテ,中山寺,なかやまでら
ヤナ,山中渓,やまなかだに
ヤノ,矢野,やの
ヤハ,八橋,やばせ
ヤハ,矢原,やばら
ヤフ,養父,やぶ
ヤマ,社町,やしろちょう
ヤマ,山口,やまぐち
ヤミ,柳井港,やないみなと
ヤミ,矢波,やなみ
ヤモ,柳本,やなぎもと
ヤロ,因幡社,いなばやしろ
ヤワ,敬川,うやがわ
ユウ,由宇,ゆう
ユオ,湯尾,ゆのお
ユカ,湯川,ゆかわ
ユカ,行波,ゆかば
ユキ,油木,ゆき
ユケ,弓削,ゆげ
ユサ,湯里,ゆさと
ユタ,湯田温泉,ゆだおんせん
ユテ,油田,あぶらでん
ユト,湯ノ峠,ゆのとう
ユニ,ユニバーサルシティ,ユニバーサルシティ
ユノ,温泉津,ゆのつ
ユマ,湯玉,ゆたま
ユミ,弓ケ浜,ゆみがはま
ユム,湯田村,ゆだむら
ユモ,長門湯本,ながとゆもと
ユラ,紀伊由良,きいゆら
ユラ,丹後由良,たんごゆら
ユラ,本由良,ほんゆら
ユラ,由良,ゆら
ヨエ,淀江,よどえ
ヨカ,吉永,よしなが
ヨク,米子空港,よなごくうこう
ヨコ,出雲横田,いずもよこた
ヨコ,石見横田,いわみよこた
ヨコ,横尾,よこお
ヨコ,横山,よこやま
ヨシ,良川,よしかわ
ヨシ,吉富,よしとみ
ヨシ,吉見,よしみ
ヨチ,吉田口,よしだぐち
ヨト,香淀,こうよど
ヨナ,吉名,よしな
ヨナ,米子,よなご
ヨネ,米川,よねかわ
ヨノ,吉野口,よしのぐち
ヨヘ,余部,よべ
ヨラ,吉浦,よしうら
ヨロ,鎧,よろい
ヨワ,横川,よこがわ
ラカ,荒茅,あらかや
ラカ,宝塚,たからづか
ラキ,信楽,しがらき
ラキ,白木山,しらきやま
ラノ,柱野,はしらの
リウ,緑化フェア梅小路,りょっかフェアうめこうじ
リク,りんくうタウン,りんくうタウン
リト,栗東,りっとう
リマ,有間川,ありまがわ
ルハ,田鶴浜,たつるはま
レハ,呉羽,くれは
ロク,六地蔵,ろくじぞう
ロク,六条,ろくじょう
ロコ,六甲道,ろっこうみち
ロタ,大広田,おおひろた
ロノ,広野,ひろの
ワア,若狭有田,わかさありた
ワカ,和歌山,わかやま
ワク,和倉温泉,わくらおんせん
ワキ,西脇,にしわき
ワキ,西脇市,にしわきし
ワキ,和木,わき
ワキ,掖上,わきがみ
ワケ,和気,わけ
ワサ,河佐,かわさ
ワサ,若桜,わかさ
ワサ,和佐,わさ
ワシ,和歌山市,わかやまし
ワセ,岩瀬浜,いわせはま
ワタ,福渡,ふくわたり
ワタ,和田浜,わだはま
ワタ,渡川,わたりがわ
ワチ,下和知,しもわち
ワチ,和知,わち
ワナ,川棚温泉,かわたなおんせん
ワニ,和邇,わに
ワノ,長門粟野,ながとあわの
ワフ,和深,わぶか
ワマ,輪島,わじま
ワミ,和田岬,わだみさき
ワモ,備中川面,びっちゅうかわも
ワヤ,河山,かわやま
ワラ,芦原温泉,あわらおんせん
ワワ,若狭和田,わかさわだ
エツ,上越妙高,じょうえつみょうこう
オタ,南小谷,みなみおたり
ナホ,直江津,なおえつ
ナメ,滑川,なめりかわ
ワノ,脇野田,わきのだ
アイ,会津大塩,あいづおおしお
アイ,相原,あいはら
アイ,赤井,あかい
アイ,赤岩,あかいわ
アイ,浅内,あさない
アオ,粟生津,あおうづ
アオ,相老,あいおい
アオ,会津落合,あいづおちあい
アオ,青沼,あおぬま
アオ,青森,あおもり
アカ,赤川,あかがわ
アカ,明科,あかしな
アカ,足利,あしかが
アキ,秋田,あきた
アキ,秋葉原,あきはばら
アキ,浅岸,あさぎし
アク,赤倉温泉,あかくらおんせん
アク,安曇沓掛,あずみくつかけ
アケ,上尾,あげお
アコ,安子ケ島,あこがしま
アコ,我孫子(千葉),あびこ
アサ,赤坂田,あかさかた
アサ,旭(千葉),あさひ
アサ,梓橋,あずさばし
アシ,足尾,あしお
アシ,足滝,あしだき
アシ,荒屋新町,あらやしんまち
アス,会津越川,あいづこすがわ
アセ,足ケ瀬,あしがせ
アセ,安善,あんぜん
アタ,愛宕(宮城),あたご
アチ,赤渕,あかぶち
アチ,鰺ケ沢,あじがさわ
アチ,扇町(神奈川),おうぎまち
アツ,赤塚,あかつか
アツ,越後赤塚,えちごあかつか
アテ,左沢,あてらざわ
アナ,穴山,あなやま
アト,有戸,ありと
アネ,赤羽,あかばね
アノ,相野々,あいのの
アノ,浅野,あさの
アハ,芦沢,あしさわ
アハ,安中榛名,あんなかはるな
アヒ,会津桧原,あいづひのはら
アフ,あしかがフラワーパーク,あしかがフラワーパーク
アフ,油川,あぶらかわ
アヘ,安比高原,あっぴこうげん
アマ,昭島,あきしま
アマ,荒浜,あらはま
アミ,あつみ温泉,あつみおんせん
アミ,大網,おおあみ
アミ,只見,ただみ
アメ,余目,あまるめ
アメ,東青梅,ひがしおうめ
アモ,会津坂本,あいづさかもと
アモ,安茂里,あもり
アヤ,会津柳津,あいづやないづ
アヤ,青柳,あおやぎ
アヤ,青山(新潟),あおやま
アヤ,安房勝山,あわかつやま
アユ,赤湯,あかゆ
アヨ,会津豊川,あいづとよかわ
アラ,会津荒海,あいづあらかい
アラ,新木,あらき
アラ,新屋(秋田),あらや
アリ,有明(長野),ありあけ
アリ,有畑,ありはた
アリ,亀有,かめあり
アロ,網代,あじろ
アワ,秋川,あきがわ
アワ,荒川沖,あらかわおき
アワ,安房鴨川,あわかもがわ
アン,安中,あんなか
イア,石巻あゆみ野,いしのまきあゆみの
イイ,飯田橋,いいだばし
イイ,飯森,いいもり
イイ,今泉,いまいずみ
イイ,岩手飯岡,いわていいおか
イイ,陸前稲井,りくぜんいない
イウ,伊佐領,いさりょう
イエ,氏家,うじいえ
イオ,飯岡,いいおか
イオ,岩手大川,いわておおかわ
イカ,五十島,いがしま
イカ,岩手刈屋,いわてかりや
イキ,石巻,いしのまき
イク,飯倉,いいぐら
イク,岩宿,いわじゅく
イケ,池袋,いけぶくろ
イコ,泉郷,いずみごう
イコ,猪苗代湖畔,いなわしろこはん
イサ,井川さくら,いかわさくら
イサ,新座,にいざ
イシ,石岡,いしおか
イシ,石川,いしかわ
イシ,石川町,いしかわちょう
イシ,石地,いしじ
イセ,碇ケ関,いかりがせき
イタ,泉田,いずみた
イタ,潮来,いたこ
イタ,板柳,いたやなぎ
イタ,板谷,いたや
イタ,岩ノ下,いわのした
イチ,市ケ谷,いちがや
イチ,一ノ関,いちのせき
イツ,伊豆多賀,いずたが
イツ,岩手松尾,いわてまつお
イツ,Jヴィレッジ,ジェイビレッジ
イテ,岩館,いわだて
イト,伊東,いとう
イト,糸沢,いとさわ
イト,岩城みなと,いわきみなと
イナ,稲尾,いなお
イナ,稲田,いなだ
イヌ,犬川,いぬかわ
イヌ,いわて沼宮内,いわてぬまくない
イネ,巌根,いわね
イネ,岩船町,いわふねまち
イノ,一戸,いちのへ
イノ,井野(群馬),いの
イハ,板橋,いたばし
イハ,岩沢,いわさわ
イフ,岩舟,いわふね
イマ,五日町,いつかまち
イマ,上今井,かみいまい
イマ,今市,いまいち
イマ,今別,いまべつ
イマ,磐梯町,ばんだいまち
イミ,泉(いわき市),いずみ
イミ,岩泉,いわいずみ
イメ,飯詰,いいづめ
イメ,茨目,いばらめ
イモ,出雲崎,いずもざき
イモ,岩本,いわもと
イヤ,飯山,いいやま
イヤ,甲斐大和(甲州),かいやまと
イリ,石鳥谷,いしどりや
イリ,入広瀬,いりひろせ
イロ,猪苗代,いなわしろ
イワ,石和温泉,いさわおんせん
イワ,磐城塙,いわきはなわ
イワ,岩島,いわしま
イワ,岩沼,いわぬま
イン,院内,いんない
ウイ,羽後飯塚,うごいいづか
ウイ,鵜住居,うのすまい
ウエ,上野,うえの
ウオ,魚沼中条,うおぬまなかじょう
ウカ,羽後長野,うごながの
ウカ,羽前松岡,うぜんまつおか
ウキ,浮間舟渡,うきまふなど
ウキ,内ケ巻,うちがまき
ウク,牛久,うしく
ウケ,有家(岩手),うげ
ウケ,峠,とうげ
ウコ,羽前小松,うぜんこまつ
ウコ,内郷,うちごう
ウシ,羽後牛島,うごうしじま
ウシ,牛浜,うしはま
ウス,鶯谷,うぐいすだに
ウス,鶯野,うぐいすの
ウス,鵜杉,うすぎ
ウス,臼田,うすだ
ウタ,植田(福島),うえだ
ウタ,魚沼田中,うおぬまたなか
ウタ,羽前高松,うぜんたかまつ
ウタ,歌津,うたつ
ウチ,石打,いしうち
ウチ,海ノ口,うみのくち
ウツ,羽前椿,うぜんつばき
ウト,羽前千歳,うぜんちとせ
ウト,郷戸,ごうど
ウナ,羽前中山,うぜんなかやま
ウニ,内野西が丘,うちのにしがおか
ウヌ,羽前沼沢,うぜんぬまざわ
ウノ,内野,うちの
ウハ,ウェスパ椿山,ウェスパつばきやま
ウハ,上野原,うえのはら
ウハ,内原,うちはら
ウハ,祖母島,うばしま
ウハ,姥堂,うばどう
ウハ,鵜原,うばら
ウヒ,羽後境,うごさかい
ウヘ,上田,うえだ
ウマ,大釜,おおかま
ウミ,羽前水沢,うぜんみずさわ
ウミ,海芝浦,うみしばうら
ウミ,海尻,うみじり
ウメ,梅ケ沢,うめがさわ
ウヨ,羽後四ツ屋,うごよつや
ウラ,浦佐,うらさ
ウラ,浦宿,うらしゅく
ウラ,浦和,うらわ
ウラ,長浦(千葉),ながうら
ウリ,瓜連,うりづら
ウル,漆山(山形),うるしやま
ウロ,後潟,うしろがた
エイ,越後岩塚,えちごいわつか
エオ,越後大島,えちごおおしま
エカ,越後川口,えちごかわぐち
エサ,越後岩沢,えちごいわさわ
エサ,塩山,えんざん
エシ,越後下関,えちごしもせき
エス,越後須原,えちごすはら
エソ,越後曽根,えちごそね
エタ,江田(福島),えだ
エタ,越後片貝,えちごかたかい
エナ,海老名,えびな
エノ,榎戸(千葉),えのきど
エヒ,越後広田,えちごひろた
エヒ,恵比寿,えびす
エマ,越後金丸,えちごかなまる
エマ,越中島,えっちゅうじま
エミ,越後水沢,えちごみずさわ
エミ,江見,えみ
オイ,笈川,おいかわ
オイ,大石田,おおいしだ
オイ,大磯,おおいそ
オウ,大口,おおぐち
オウ,大志田,おおしだ
オウ,大屋,おおや
オウ,常陸太田,ひたちおおた
オエ,大越,おおごえ
オエ,大前,おおまえ
オエ,小田栄,おださかえ
オオ,大形,おおがた
オオ,逢隈,おおくま
オオ,大滝,おおたき
オオ,太田部,おおたべ
オオ,大宮(埼玉),おおみや
オカ,大川平,おおかわだい
オカ,大河原(宮城),おおがわら
オカ,大白川,おおしらかわ
オカ,男鹿,おが
オカ,岡本(栃木),おかもと
オキ,大久喜,おおくき
オキ,大月,おおつき
オキ,荻川,おぎかわ
オキ,小木津,おぎつ
オク,尾久,おく
オク,奥内,おくない
オク,小国,おぐに
オケ,安曇追分,あずみおいわけ
オケ,桶川,おけがわ
オコ,大津港,おおつこう
オコ,大間越,おおまごし
オサ,青笹,あおざさ
オサ,大崎,おおさき
オシ,大蛇,おおじゃ
オシ,小塩江,おしおえ
オシ,押切,おしきり
オセ,大滝温泉,おおたきおんせん
オセ,大戸瀬,おおどせ
オセ,越生,おごせ
オタ,大平,おおだい
オタ,小高,おだか
オタ,小田原,おだわら
オチ,御徒町,おかちまち
オツ,大塚(東京),おおつか
オツ,大槌,おおつち
オテ,大館,おおだて
オト,大戸,おおと
オト,乙女,おとめ
オナ,翁島,おきなしま
オニ,小野新町,おのにいまち
オヌ,大貫,おおぬき
オネ,大金,おおがね
オノ,小野(長野),おの
オハ,大原(千葉),おおはら
オハ,大張野,おおばりの
オハ,小田林,おたばやし
オハ,女川,おながわ
オヒ,追分(秋田),おいわけ
オヒ,小櫃,おびつ
オフ,扇田,おうぎた
オヘ,折壁,おりかべ
オホ,大久保(秋田),おおくぼ
オホ,大甕,おおみか
オマ,大井町,おおいまち
オマ,大間々,おおまま
オマ,小山田,おやまだ
オマ,信濃大町,しなのおおまち
オミ,大湊,おおみなと
オメ,青梅,おうめ
オモ,大森(東京),おおもり
オモ,小友,おとも
オヤ,羽前大山,うぜんおおやま
オヤ,大谷海岸,おおやかいがん
オヤ,常陸青柳,ひたちあおやぎ
オヨ,小木ノ城,おぎのじょう
オラ,追良瀬,おいらせ
オラ,大平下,おおひらした
オリ,大堀,おおほり
オリ,尾登,おのぼり
オリ,折本,おりもと
オリ,酒折,さかおり
オリ,折原,おりはら
オリ,折渡,おりわたり
オワ,大沢(新潟),おおさわ
オワ,下野大沢,しもつけおおさわ
オン,小野上温泉,おのがみおんせん
オン,御宿,おんじゅく
カア,上総東,かずさあずま
カア,上有住,かみありす
カイ,海瀬,かいぜ
カイ,鹿島台,かしまだい
カイ,上飯島,かみいいじま
カイ,川井,かわい
カイ,河合,かわい
カウ,春日居町,かすがいちょう
カウ,勝浦,かつうら
カウ,上条(新潟),かみじょう
カウ,川内(岩手),かわうち
カエ,替佐,かえさ
カエ,川前,かわまえ
カエ,高円寺,こうえんじ
カオ,片岡,かたおか
カオ,上鹿折,かみししおり
カオ,川辺沖,かわべおき
カオ,北金岡,きたかなおか
カカ,香川,かがわ
カキ,柿崎,かきざき
カキ,上北町,かみきたちょう
カク,上桑名川,かみくわながわ
カコ,甲斐小泉,かいこいずみ
カコ,金子,かねこ
カサ,葛西臨海公園,かさいりんかいこうえん
カサ,笠幡,かさはた
カサ,柏崎,かしわざき
カサ,上湯沢,かみゆざわ
カサ,陸中門崎,りくちゅうかんざき
カシ,笠島,かさしま
カシ,柏,かしわ
カシ,鹿島神宮,かしまじんぐう
カシ,信濃川島,しなのかわしま
カス,蒲須坂,かますさか
カセ,風合瀬,かそせ
カセ,鹿瀬,かのせ
カタ,蟹田,かにた
カタ,神田(東京),かんだ
カタ,山形,やまがた
カチ,加治,かじ
カチ,川口,かわぐち
カツ,勝木,がつぎ
カツ,勝田,かつた
カツ,桂根,かつらね
カテ,角館,かくのだて
カテ,西大崎,にしおおさき
カト,押角,おしかど
カト,鹿渡,かど
カト,門沢橋,かどさわばし
カナ,金塚,かなづか
カナ,金谷沢,かなやさわ
カニ,蟹沢,かにさわ
カヌ,鹿沼,かぬま
カネ,羽前金沢,うぜんかねざわ
カネ,小金井,こがねい
カノ,柿ノ木,かきのき
カノ,角の浜,かどのはま
カノ,鹿又,かのまた
カノ,刈和野,かりわの
カノ,中野(東京),なかの
カハ,金浜,かねはま
カハ,須賀川,すかがわ
カヒ,海浜幕張,かいひんまくはり
カヒ,向河原,むかいがわら
カフ,釜淵,かまぶち
カヘ,有壁,ありかべ
カヘ,岡部,おかべ
カヘ,河辺,かべ
カマ,小川町(埼玉),おがわまち
カマ,潟町,かたまち
カマ,釜石,かまいし
カマ,蒲田,かまた
カマ,鎌取,かまとり
カミ,甲斐大泉,かいおおいずみ
カミ,鏡石,かがみいし
カミ,上浜,かみはま
カミ,上溝,かみみぞ
カミ,北上,きたかみ
カミ,水上,みなかみ
カム,冠着,かむりき
カメ,羽後亀田,うごかめだ
カメ,要田,かなめた
カメ,亀戸,かめいど
カモ,会津蒲生,あいづがもう
カモ,加茂(新潟),かも
カヤ,阿佐ケ谷,あさがや
カヤ,岡谷,おかや
カヤ,金谷川,かなやがわ
カヨ,上米内,かみよない
カラ,ガーラ湯沢,ガーラゆざわ
カラ,烏山,からすやま
カリ,盛,さかり
カル,軽井沢,かるいざわ
カワ,会津川口,あいづかわぐち
カワ,越後寒川,えちごかんがわ
カワ,川崎,かわさき
カワ,川部,かわべ
カン,神立,かんだつ
キア,北朝霞,きたあさか
キア,北新井,きたあらい
キイ,北飯山,きたいいやま
キイ,金田一温泉,きんたいちおんせん
キウ,北浦,きたうら
キウ,錦糸町,きんしちょう
キオ,木下,きおろし
キオ,北大曲,きたおおまがり
キオ,北大町,きたおおまち
キオ,北八王子,きたはちおうじ
キオ,磐城太田,いわきおおた
キカ,北金ケ沢,きたかねがさわ
キキ,北茅ケ崎,きたちがさき
キク,喜久田,きくた
キク,菊名,きくな
キケ,北上尾,きたあげお
キケ,京ケ瀬,きょうがせ
キコ,北鴻巣,きたこうのす
キサ,象潟,きさかた
キサ,木更津,きさらづ
キシ,北条,きたじょう
キシ,北白川,きたしらかわ
キシ,松岸,まつぎし
キシ,山岸,やまぎし
キセ,北五泉,きたごせん
キセ,北千住,きたせんじゅ
キタ,北大石田,きたおおいしだ
キタ,喜多方,きたかた
キタ,北野辺地,きたのへじ
キタ,坂北,さかきた
キチ,吉祥寺,きちじょうじ
キト,北戸田,きたとだ
キト,木戸,きど
キナ,北長岡,きたながおか
キナ,北中込,きたなかごみ
キナ,磐城棚倉,いわきたなくら
キネ,北赤羽,きたあかばね
キネ,関根,せきね
キノ,荻野,おぎの
キノ,北上ノ山,きたかみのやま
キノ,北長野,きたながの
キハ,北高岩,きたたかいわ
キフ,北藤岡,きたふじおか
キフ,北府中,きたふちゅう
キホ,北細野,きたほその
キホ,北堀之内,きたほりのうち
キマ,北松戸,きたまつど
キマ,北松本,きたまつもと
キマ,敷島,しきしま
キミ,来宮,きのみや
キミ,君津,きみつ
キメ,北余目,きたあまるめ
キモ,北本,きたもと
キモ,北森,きたもり
キヤ,越後滝谷,えちごたきや
キヤ,滝谷(福島),たきや
キヨ,上総清川,かずさきよかわ
キヨ,北吉田,きたよしだ
キヨ,北与野,きたよの
キヨ,行田,ぎょうだ
キヨ,清川,きよかわ
キヨ,清里,きよさと
キラ,あきた白神,あきたしらかみ
キラ,北鎌倉,きたかまくら
キラ,桐原(新潟),きりはら
キリ,木造,きづくり
キリ,桐生,きりゅう
キロ,北能代,きたのしろ
キワ,北柏,きたかしわ
キワ,磐城浅川,いわきあさかわ
キワ,磐城常葉,いわきときわ
キン,金町,かなまち
キン,祇園(千葉),ぎおん
キン,北三条,きたさんじょう
クイ,黒井(新潟),くろい
クイ,雫石,しずくいし
クウ,神宮寺,じんぐうじ
クオ,群馬大津,ぐんまおおつ
クカ,久我原,くがはら
クカ,桑川,くわがわ
クキ,久喜,くき
クケ,久下田,くげた
クサ,浅草橋,あさくさばし
クサ,草野(福島),くさの
クコ,成田空港,なりたくうこう
クシ,片倉,かたくら
クシ,久慈,くじ
クシ,久地,くじ
クス,久住,くずみ
クチ,岩手川口,いわてかわぐち
クチ,国立,くにたち
クナ,鯨波,くじらなみ
クニ,空港第2ビル,くうこうだいにビル
クニ,国定,くにさだ
クニ,千国,ちくに
クノ,久田野,くたの
クヒ,区界,くざかい
クホ,荻窪,おぎくぼ
クマ,熊谷,くまがや
クマ,熊川,くまがわ
クミ,求名,ぐみょう
クヤ,黒山,くろやま
クヤ,群馬八幡,ぐんまやわた
クヤ,涌谷,わくや
クラ,鎌倉,かまくら
クラ,蔵内,くらうち
クラ,矢倉,やぐら
クラ,倉橋,くらはし
クラ,松倉,まつくら
クリ,栗橋,くりはし
クリ,くりこま高原,くりこまこうげん
クリ,厨川,くりやがわ
クル,久留里,くるり
クロ,黒磯,くろいそ
クワ,桑名川,くわながわ
クワ,桑折,こおり
クワ,蚕桑,こぐわ
クン,群馬原町,ぐんまはらまち
ケイ,猊鼻渓,げいびけい
ケキ,池月,いけづき
ケサ,竹沢,たけざわ
ケシ,下条,げじょう
ケタ,川桁,かわげた
ケヌ,気仙沼,けせんぬま
ケハ,検見川浜,けみがわはま
ケマ,佳景山,かけやま
ケミ,新検見川,しんけみがわ
ケヨ,剣吉,けんよし
ケラ,花原市,けばらいち
コイ,五井,ごい
コイ,小岩井,こいわい
コイ,小岩川,こいわがわ
コウ,鴻野山,こうのやま
コウ,下総神崎,しもうさこうざき
コエ,小机,こづくえ
コカ,古河,こが
コク,国道,こくどう
コク,国府多賀城,こくふたがじょう
コケ,上毛高原,じょうもうこうげん
ココ,小牛田,こごた
コサ,郷沢,ごうさわ
コサ,上越国際スキー場前,じょうえつこくさいスキーじょうまえ
コシ,石越,いしこし
コシ,国分寺,こくぶんじ
コシ,越水,こしみず
コス,越河,こすごう
コス,常陸鴻巣,ひたちこうのす
コセ,五泉,ごせん
コソ,勿来,なこそ
コタ,後台,ごだい
コタ,駒形,こまがた
コタ,小屋の畑,こやのはた
コチ,小淵沢,こぶちざわ
コツ,国府津,こうづ
コツ,小松川,こまつかわ
コテ,小出,こいで
コト,神戸(群馬),ごうど
コト,郡山富田,こおりやまとみた
コナ,港南台,こうなんだい
コナ,小中野,こなかの
コネ,北小金,きたこがね
コネ,小金沢,こがねざわ
コノ,九重,ここのえ
コノ,小佐野,こさの
コノ,金浦,このうら
コハ,郷原,ごうばら
コハ,小川原,こがわら
コハ,小波渡,こばと
コハ,小塙,こばな
コヒ,鯉川,こいかわ
コフ,甲府,こうふ
コホ,湖北,こほく
コマ,好摩,こうま
コマ,児玉,こだま
コマ,駒ケ嶺,こまがみね
コミ,小見川,おみがわ
コミ,小海,こうみ
コメ,駒込,こまごめ
コメ,中込,なかごみ
コモ,小諸,こもろ
コヤ,小鳥谷,こずや
コヤ,小宮,こみや
コヤ,小谷松,こやまつ
コラ,籠原,かごはら
コラ,五所川原,ごしょがわら
コリ,郡山(福島),こおりやま
コリ,古里(東京),こり
コレ,越谷レイクタウン,こしがやレイクタウン
コワ,五百川,ごひゃくがわ
コワ,小岩,こいわ
コン,後閑,ごかん
サイ,上境,かみさかい
サイ,西金,さいがね
サイ,沢井,さわい
サウ,佐久海ノ口,さくうみのくち
サウ,相武台下,そうぶだいした
サエ,寒河江,さがえ
サオ,蔵王,ざおう
サオ,上総松丘,かずさまつおか
サカ,酒田,さかた
サキ,坂城,さかき
サキ,さつき野,さつきの
サク,小作,おざく
サク,佐久平,さくだいら
サク,佐倉,さくら
サコ,砂越,さごし
サコ,笹子,ささご
ササ,笹川,ささがわ
ササ,佐々木,ささき
ササ,笹木野,ささきの
ササ,三才,さんさい
サシ,指扇,さしおうぎ
サシ,刺巻,さしまき
サシ,三条(新潟),さんじょう
サセ,佐久広瀬,さくひろせ
サタ,犀潟,さいがた
サタ,さいたま新都心,さいたましんとしん
サタ,沢田,さわだ
サチ,最知,さいち
サチ,坂町,さかまち
サチ,桜木町,さくらぎちょう
サト,羽前豊里,うぜんとよさと
サト,越後中里,えちごなかざと
サト,里白石,さとしらいし
サト,中里(岩手),なかさと
サト,三郷(埼玉),みさと
サナ,安積永盛,あさかながもり
サナ,咲花,さきはな
サヌ,佐貫,さぬき
サノ,佐野,さの
サハ,軍畑,いくさばた
サハ,陸奥沢辺,むつさわべ
サヒ,堺田,さかいだ
サヒ,信濃境,しなのさかい
サヒ,武蔵境,むさしさかい
サヘ,三戸,さんのへ
サマ,笠間,かさま
サミ,宇佐美,うさみ
サム,寒川,さむかわ
サム,侍浜,さむらいはま
サメ,鮫,さめ
サモ,坂元,さかもと
サラ,佐原,さわら
サリ,沢尻,さわじり
サル,猿田,さるだ
サル,猿橋,さるはし
サワ,狩場沢,かりばさわ
サワ,猿和田,さるわだ
サワ,佐和,さわ
サン,三瀬,さんぜ
シア,信濃浅野,しなのあさの
シア,新青森,しんあおもり
シア,新秋津,しんあきつ
シイ,椎柴,しいしば
シイ,磐城石井,いわきいしい
シイ,新小平,しんこだいら
シウ,十条(東京),じゅうじょう
シウ,十二所,じゅうにしょ
シウ,新浦安,しんうらやす
シウ,新庄,しんじょう
シオ,塩川,しおかわ
シオ,塩沢,しおざわ
シオ,潮見,しおみ
シオ,新大久保,しんおおくぼ
シカ,会津西方,あいづにしかた
シカ,越後鹿渡,えちごしかわたり
シカ,渋川,しぶかわ
シカ,下川沿,しもかわぞい
シカ,白銀,しろがね
シキ,安食,あじき
シキ,新川崎,しんかわさき
シク,柴宿,しばじゅく
シク,新宿,しんじゅく
シケ,滋野,しげの
シケ,上下浜,じょうげはま
シコ,十二湖,じゅうにこ
シコ,益子,ましこ
シサ,塩崎,しおざき
シサ,下湯沢,しもゆざわ
シサ,白石蔵王,しろいしざおう
シシ,鹿折唐桑,ししおりからくわ
シシ,宍戸,ししど
シシ,新芝浦,しんしばうら
シシ,新習志野,しんならしの
シス,下諏訪,しもすわ
シス,新杉田,しんすぎた
シセ,新関,しんせき
シタ,新発田,しばた
シタ,渋民,しぶたみ
シタ,下総橘,しもうさたちばな
シツ,静,しず
シチ,信濃町,しなのまち
シチ,新地,しんち
シチ,神町,じんまち
シテ,下館,しもだて
シト,信濃白鳥,しなのしらとり
シト,新松戸,しんまつど
シナ,品井沼,しないぬま
シナ,品川,しながわ
シノ,宿戸,しゅくのへ
シノ,篠ノ井,しののい
シノ,下野宮,しものみや
シノ,初鹿野,はじかの
シハ,石橋(栃木),いしばし
シハ,清水浜,しずはま
シハ,下浜,しもはま
シハ,新木場,しんきば
シハ,新花巻,しんはなまき
シヒ,柴平,しばひら
シフ,渋谷,しぶや
シフ,下船渡,しもふなと
シヘ,七戸十和田,しちのへとわだ
シホ,塩釜,しおがま
シマ,石神前,いしがみまえ
シマ,小島谷,おじまや
シマ,鹿島,かしま
シマ,島高松,しまたかまつ
シマ,新前橋,しんまえばし
シミ,清水川,しみずがわ
シミ,新三郷,しんみさと
シモ,下小川,しもおがわ
シモ,下北,しもきた
シモ,十文字,じゅうもんじ
シヤ,越後石山,えちごいしやま
シヤ,新子安,しんこやす
シヤ,大釈迦,だいしゃか
シユ,十王,じゅうおう
シヨ,生田(秋田),しょうでん
シヨ,新横浜,しんよこはま
シラ,白沢(秋田),しらさわ
シラ,新白岡,しんしらおか
シラ,新茂原,しんもばら
シリ,新利府,しんりふ
シロ,神城,かみしろ
シロ,白石(宮城),しろいし
シロ,白丸(東京),しろまる
シワ,志津川,しづがわ
シワ,紫波中央,しわちゅうおう
シワ,新小岩,しんこいわ
シワ,新白河,しんしらかわ
シン,新橋,しんばし
シン,新潟大学前,にいがただいがくまえ
スイ,酒々井,しすい
スイ,水道橋,すいどうばし
スイ,水原,すいばら
スエ,末広,すえひろ
スカ,横須賀,よこすか
スキ,岩原スキー場前,いわっぱらスキーじょうまえ
スキ,杉田(福島),すぎた
スキ,武蔵小杉,むさしこすぎ
スコ,水郷,すいごう
スサ,すずらんの里,すずらんのさと
スサ,鱒沢,ますざわ
スシ,逗子,ずし
スタ,鹿島サッカースタジアム,かしまサッカースタジアム
スタ,升形,ますかた
スツ,末続,すえつぎ
ステ,姨捨,おばすて
スナ,小砂川,こさがわ
スノ,諏訪ノ平,すわのたいら
スメ,雀宮,すずめのみや
スモ,巣鴨,すがも
スヤ,春日山,かすがやま
スヤ,上菅谷,かみすがや
スヤ,菅谷,すがや
スリ,摺沢,すりさわ
スワ,上諏訪,かみすわ
セカ,千駄ケ谷,せんだがや
セキ,関山,せきやま
セク,千徳,せんとく
セコ,上戸(福島),じょうこ
セサ,伊勢崎,いせさき
セト,関都,せきと
セナ,羽前前波,うぜんぜんなみ
セネ,瀬峰,せみね
セヘ,瀬辺地,せへじ
セホ,仙北町,せんぼくちょう
セマ,千厩,せんまや
セミ,瀬見温泉,せみおんせん
セヤ,関屋(新潟),せきや
セワ,昭和,しょうわ
セン,千畳敷(青森),せんじょうじき
セン,仙台,せんだい
ソウ,相馬,そうま
ソカ,蘇我,そが
ソケ,磯鶏,そけい
ソコ,磯子,いそご
ソコ,土底浜,どそこはま
ソサ,袖崎,そでさき
ソハ,曽波神,そばのかみ
ソヘ,磯部(群馬),いそべ
ソヤ,群馬総社,ぐんまそうじゃ
ソラ,磯原,いそはら
ソラ,袖ケ浦,そでがうら
ソリ,沢入,そうり
タイ,信濃平,しなのたいら
タイ,太子堂,たいしどう
タイ,原当麻,はらたいま
タイ,常陸大子,ひたちだいご
タイ,神代(秋田),じんだい
タウ,田浦,たうら
タオ,高尾(東京),たかお
タオ,竹岡,たけおか
タカ,高岩(長野),たかいわ
タカ,高崎,たかさき
タカ,高屋,たかや
タカ,陸前高田,りくぜんたかた
タキ,大多喜,おおたき
タキ,滝(栃木),たき
タキ,滝沢,たきざわ
タキ,滝ノ間,たきのま
タク,高久,たかく
タク,田子倉,たごくら
タケ,高輪ゲートウェイ,たかなわゲートウェイ
タケ,竹駒,たけこま
タコ,醍醐(秋田),だいご
タサ,北高崎,きたたかさき
タサ,田沢,たざわ
タサ,種差海岸,たねさしかいがん
タシ,田尻,たじり
タス,鷹ノ巣,たかのす
タセ,高瀬(山形),たかせ
タタ,会津高田,あいづたかだ
タタ,高田(新潟),たかだ
タタ,高擶,たかたま
タタ,常陸多賀,ひたちたが
タチ,安達,あだち
タチ,立川,たちかわ
タツ,龍岡城,たつおかじょう
タツ,竜田,たつた
タテ,伊達,だて
タテ,立ケ花,たてがはな
タテ,館山,たてやま
タテ,立川目,たてかわめ
タト,太東,たいとう
タト,高崎問屋町,たかさきとんやまち
タト,玉戸,たまど
タト,戸田(埼玉),とだ
タナ,田中,たなか
タナ,中田(青森),なかた
タノ,辰野,たつの
タネ,種市,たねいち
タハ,高畠,たかはた
タハ,武蔵高萩,むさしたかはぎ
タヒ,川渡温泉,かわたびおんせん
タヘ,田島高校前,たじまこうこうまえ
タマ,置賜,おいたま
タマ,奥多摩,おくたま
タマ,高浜(茨城),たかはま
タマ,玉川(岩手),たまがわ
タミ,田上,たがみ
タミ,東京貨物ターミナル,とうきょうかもつターミナル
タミ,磐梯熱海,ばんだいあたみ
タム,玉川村,たまがわむら
タヤ,楯山,たてやま
タヤ,田山,たやま
タヨ,丹荘,たんしょう
タラ,平,たいら
タリ,亘理,わたり
タル,土樽,つちたる
タワ,玉川口,たまがわぐち
タン,五反田,ごたんだ
チイ,自治医大,じちいだい
チウ,中郡,ちゅうぐん
チカ,市川,いちかわ
チカ,近川,ちかがわ
チキ,千曳,ちびき
チコ,古淵,こぶち
チコ,立小路,たちこうじ
チサ,越後田沢,えちごたざわ
チサ,茅ケ崎,ちがさき
チシ,市川塩浜,いちかわしおはま
チシ,市城,いちしろ
チセ,千歳(千葉),ちとせ
チタ,田町,たまち
チツ,近津,ちかつ
チナ,越後田中,えちごたなか
チナ,千葉みなと,ちばみなと
チネ,藤根,ふじね
チノ,市川大野,いちかわおおの
チノ,茅野,ちの
チハ,千葉,ちば
チホ,八千穂,やちほ
チマ,長者町,ちょうじゃまち
チマ,藤島,ふじしま
チミ,上総一ノ宮,かずさいちのみや
チヤ,小千谷,おぢや
チヤ,御茶ノ水,おちゃのみず
チヨ,銚子,ちょうし
チラ,千倉,ちくら
チワ,陸奥市川,むついちかわ
チン,陣場,じんば
ツイ,津軽石,つがるいし
ツイ,夏井,なつい
ツオ,通洞,つうどう
ツカ,都賀,つが
ツカ,塚山,つかやま
ツカ,東戸塚,ひがしとつか
ツカ,鶴形,つるがた
ツキ,厚木,あつぎ
ツキ,月岡(新潟),つきおか
ツキ,槻木,つきのき
ツク,津久田,つくだ
ツケ,見附,みつけ
ツサ,上総興津,かずさおきつ
ツサ,土崎,つちざき
ツシ,会津塩沢,あいづしおざわ
ツセ,津軽新城,つがるしんじょう
ツタ,長津田,ながつた
ツタ,津軽宮田,つがるみやた
ツタ,常陸津田,ひたちつだ
ツタ,陸奥鶴田,むつつるだ
ツチ,土浦,つちうら
ツチ,土沢,つちざわ
ツツ,稲田堤,いなだづつみ
ツテ,尻手,しって
ツト,辻堂,つじどう
ツト,鶴泊,つるどまり
ツナ,上総中川,かずさなかがわ
ツナ,小繋,こつなぎ
ツナ,津南,つなん
ツヌ,津田沼,つだぬま
ツハ,津軽浜名,つがるはまな
ツマ,会津田島,あいづたじま
ツマ,勝沼,かつぬま
ツミ,鶴見,つるみ
ツメ,塚目,つかのめ
ツメ,日詰,ひづめ
ツヤ,津田山,つだやま
ツヤ,津谷,つや
ツユ,津軽湯の沢,つがるゆのさわ
ツラ,清水原,しみずはら
ツリ,江釣子,えづりこ
ツリ,矢祭山,やまつりやま
ツル,鶴岡,つるおか
ツル,鶴田,つるた
ツワ,津川,つがわ
テウ,寺内,てらうち
テコ,手ノ子,てのこ
テシ,館腰,たてこし
テシ,弁天橋,べんてんばし
テノ,天王台,てんのうだい
テハ,出戸浜,でとはま
テミ,岩手上郷,いわてかみごう
テミ,天童南,てんどうみなみ
テラ,寺泊,てらどまり
テン,天童,てんどう
トイ,土合,どあい
トイ,土市,どいち
トイ,十日市場(神奈川),とおかいちば
トイ,斗米,とまい
トウ,東京,とうきょう
トウ,御堂,みどう
トオ,富岡,とみおか
トカ,東海,とうかい
トカ,東金,とうがね
トカ,土深井,どぶかい
トキ,信濃常盤,しなのときわ
トキ,栃木,とちぎ
トク,戸倉,とぐら
トク,陸前戸倉,りくぜんとぐら
トケ,土気,とけ
トコ,東光寺,とうこうじ
トコ,戸田公園,とだこうえん
トサ,豊栄,とよさか
トシ,堂島,どうじま
トシ,豊科,とよしな
トセ,洞泉,どうせん
トタ,豊田,とよだ
トタ,十和田南,とわだみなみ
トツ,戸塚,とつか
トテ,取手,とりで
トト,下総豊里,しもうさとよさと
トト,驫木,とどろき
トニ,十二橋,じゅうにきょう
トニ,時庭,ときにわ
トネ,豊間根,とよまね
トノ,遠野,とおの
トノ,豊野,とよの
トノ,鳩ノ巣,はとのす
トハ,的場,まとば
トマ,十日町,とおかまち
トマ,苫米地,とまべち
トミ,富浦(千葉),とみうら
トモ,乙供,おっとも
トモ,友部,ともべ
トヨ,豊原,とよはら
トヨ,豊実,とよみ
トヨ,中豊,なかとよ
トヨ,陸前豊里,りくぜんとよさと
トラ,塔寺,とうでら
トラ,東浪見,とらみ
トリ,香取,かとり
トリ,戸狩野沢温泉,とがりのざわおんせん
トリ,鳥形,とりがた
トリ,鳥沢,とりさわ
トロ,土呂,とろ
トワ,北常盤,きたときわ
トワ,徳沢,とくさわ
ナア,中荒井,なかあらい
ナイ,稲毛海岸,いなげかいがん
ナイ,関内,かんない
ナイ,長井,ながい
ナウ,中浦,なかうら
ナエ,浪江,なみえ
ナオ,船岡(宮城),ふなおか
ナカ,会津中川,あいづなかがわ
ナカ,長岡,ながおか
ナカ,中小国,なかおぐに
ナカ,永田(千葉),ながた
ナカ,長峰,ながみね
ナキ,羽前長崎,うぜんながさき
ナキ,小柳(青森),こやなぎ
ナク,中山宿,なかやまじゅく
ナケ,稲毛,いなげ
ナコ,那古船形,なこふなかた
ナコ,鳴子御殿湯,なるこごてんゆ
ナサ,長坂,ながさか
ナサ,中沢,なかさわ
ナシ,金島(群馬),かなしま
ナシ,小梨,こなし
ナシ,那須塩原,なすしおばら
ナス,中菅谷,なかすがや
ナス,西那須野,にしなすの
ナセ,南仙台,みなみせんだい
ナタ,羽前成田,うぜんなりた
ナタ,浪板海岸,なみいたかいがん
ナタ,成田,なりた
ナチ,長町,ながまち
ナト,小湊,こみなと
ナト,中佐都,なかさと
ナト,安房小湊,あわこみなと
ナト,長鳥,ながとり
ナナ,七井,なない
ナヌ,稲城長沼,いなぎながぬま
ナノ,上総中野,かずさなかの
ナノ,長野,ながの
ナノ,陸中中野,りくちゅうなかの
ナハ,長野原草津口,ながのはらくさつぐち
ナヒ,中山平温泉,なかやまだいらおんせん
ナフ,中舟生,なかふにゅう
ナマ,下総中山,しもうさなかやま
ナマ,成島(山形),なるしま
ナミ,中神,なかがみ
ナミ,浪岡,なみおか
ナミ,浪花,なみはな
ナメ,滑津,なめづ
ナヤ,奥中山高原,おくなかやまこうげん
ナヤ,中萱,なかがや
ナヤ,中山(神奈川),なかやま
ナヨ,撫牛子,ないじょうし
ナヨ,中条,なかじょう
ナラ,中浦和,なかうらわ
ナリ,稲荷山,いなりやま
ナリ,名取,なとり
ナル,鳴沢,なるさわ
ナル,成瀬,なるせ
ナル,成東,なるとう
ナワ,中軽井沢,なかかるいざわ
ナワ,中川(山形),なかがわ
ナン,南千住,みなみせんじゅ
ニイ,新潟,にいがた
ニイ,西大井,にしおおい
ニウ,西浦和,にしうらわ
ニエ,西寒河江,にしさがえ
ニオ,西大崎,にしおおさき
ニオ,西大塚,にしおおつか
ニオ,西大原,にしおおはら
ニオ,西荻窪,にしおぎくぼ
ニカ,西川越,にしかわごえ
ニキ,日立木,にったき
ニキ,西大滝,にしおおたき
ニク,西国立,にしくにたち
ニコ,日光,にっこう
ニサ,新崎,にいざき
ニシ,西上田,にしうえだ
ニシ,西田井,にしだい
ニシ,西船橋,にしふなばし
ニシ,二升石,にしょういし
ニシ,西若松,にしわかまつ
ニセ,西条(長野),にしじょう
ニタ,仁井田(栃木),にいた
ニタ,西新発田,にししばた
ニタ,新田(宮城),にった
ニチ,西川口,にしかわぐち
ニチ,西千葉,にしちば
ニツ,新津,にいつ
ニツ,新月,にいつき
ニツ,新田野,にったの
ニツ,日暮里,にっぽり
ニテ,上野目,かみのめ
ニト,西中通,にしなかどおり
ニナ,似内,にたない
ニノ,二戸,にのへ
ニノ,二宮,にのみや
ニハ,西畑,にしはた
ニハ,西八王子,にしはちおうじ
ニハ,二枚橋,にまいばし
ニフ,西国分寺,にしこくぶんじ
ニフ,西古川,にしふるかわ
ニホ,仁賀保,にかほ
ニホ,二本木,にほんぎ
ニマ,西松井田,にしまついだ
ニマ,二本松,にほんまつ
ニミ,おりはた,おりはた
ニミ,西大宮,にしおおみや
ニメ,西燕,にしつばめ
ニメ,西目,にしめ
ニヤ,西山(新潟),にしやま
ニヨ,西米沢,にしよねざわ
ニラ,西平内,にしひらない
ニラ,韮崎,にらさき
ニリ,西日暮里,にしにっぽり
ニル,新鶴,にいつる
ニロ,西袋,にしぶくろ
ニワ,西立川,にしたちかわ
ニワ,庭坂,にわさか
ニン,日進(埼玉),にっしん
ニン,和賀仙人,わかせんにん
ヌカ,額田(茨城),ぬかだ
ヌキ,佐貫町,さぬきまち
ヌサ,衣笠,きぬがさ
ヌサ,糠沢,ぬかざわ
ヌタ,沼田,ぬまた
ヌマ,勝沼ぶどう郷,かつぬまぶどうきょう
ヌマ,七日町,なぬかまち
ヌマ,いわて沼宮内,いわてぬまくない
ネイ,東小金井,ひがしこがねい
ネカ,箱根ケ崎,はこねがさき
ネキ,姉ケ崎,あねがさき
ネキ,根岸(神奈川),ねぎし
ネキ,鼠ケ関,ねずがせき
ネサ,金ケ崎,かねがさき
ネシ,根岸(福島),ねぎし
ネハ,岩根橋,いわねばし
ネフ,根府川,ねぶかわ
ネン,後三年,ごさんねん
ノウ,天王,てんのう
ノオ,大野,おおの
ノカ,野上原,のがみはら
ノキ,信濃木崎,しなのきざき
ノキ,野木,のぎ
ノキ,野木沢,のぎさわ
ノク,矢野口,やのくち
ノケ,信濃追分,しなのおいわけ
ノサ,野崎(栃木),のざき
ノシ,中野島,なかのしま
ノシ,中之条,なかのじょう
ノス,鴻巣,こうのす
ノソ,及位,のぞき
ノチ,野辺地,のへじ
ノト,登戸,のぼりと
ノナ,野内,のない
ノノ,のの岳,ののだけ
ノフ,延方,のぶかた
ノヘ,野辺山,のべやま
ノヘ,淵野辺,ふちのべ
ノマ,原ノ町,はらのまち
ノミ,小野上,おのがみ
ノメ,上野目,かみのめ
ノヤ,かみのやま温泉,かみのやまおんせん
ノラ,宮ノ平,みやのひら
ノリ,上野尻,かみのじり
ノロ,能代,のしろ
ノワ,野沢,のざわ
ハイ,上神梅,かみかんばい
ハイ,箱石,はこいし
ハウ,萩生,はぎゅう
ハエ,川越,かわごえ
ハオ,白馬大池,はくばおおいけ
ハカ,越後早川,えちごはやかわ
ハカ,初狩,はつかり
ハカ,浜金谷,はまかなや
ハキ,高萩,たかはぎ
ハキ,花巻,はなまき
ハク,白山(新潟),はくさん
ハク,白馬,はくば
ハク,羽黒(茨城),はぐろ
ハク,馬喰町,ばくろちょう
ハク,花巻空港,はなまきくうこう
ハサ,燕三条,つばめさんじょう
ハサ,浜川崎,はまかわさき
ハサ,林崎,はやしざき
ハシ,羽黒下,はぐろした
ハシ,柴橋,しばはし
ハシ,船橋,ふなばし
ハシ,陸中大橋,りくちゅうおおはし
ハス,蓮田,はすだ
ハス,蓮,はちす
ハタ,兄畑,あにはた
ハタ,田端,たばた
ハタ,花立,はなだて
ハチ,羽立,はだち
ハチ,八王子,はちおうじ
ハテ,柏矢町,はくやちょう
ハテ,浜松町,はままつちょう
ハト,羽鳥,はとり
ハナ,市塙,いちはな
ハナ,下野花岡,しもつけはなおか
ハナ,花泉,はないずみ
ハニ,羽生田,はにゅうだ
ハノ,東飯能,ひがしはんのう
ハハ,高田馬場,たかだのばば
ハヒ,拝島,はいじま
ハヘ,八戸,はちのへ
ハマ,八幡平,はちまんたい
ハマ,横浜,よこはま
ハミ,階上,はしかみ
ハミ,八王子みなみ野,はちおうじみなみの
ハム,羽村,はむら
ハメ,燕,つばめ
ハモ,橋本(神奈川),はしもと
ハモ,八森,はちもり
ハヤ,早口,はやぐち
ハヤ,早戸,はやと
ハヤ,早通,はやどおり
ハヨ,浜吉田,はまよしだ
ハラ,腹帯,はらたい
ハリ,小針,こばり
ハリ,新治,にいはり
ハル,春木場,はるきば
ハル,三春,みはる
ハロ,八郎潟,はちろうがた
ハワ,鹿角花輪,かづのはなわ
ハワ,花輪,はなわ
ハワ,横浜羽沢,よこはまはざわ
ハン,会津坂下,あいづばんげ
ハン,番田(神奈川),ばんだ
ヒア,東青森,ひがしあおもり
ヒイ,東新潟,ひがしにいがた
ヒイ,平井(東京),ひらい
ヒウ,東浦和,ひがしうらわ
ヒウ,ひたち野うしく,ひたちのうしく
ヒウ,日向,ひゅうが
ヒオ,帯織,おびおり
ヒオ,東大崎,ひがしおおさき
ヒオ,東大更,ひがしおおぶけ
ヒオ,東大宮,ひがしおおみや
ヒオ,常陸大宮,ひたちおおみや
ヒカ,東柏崎,ひがしかしわざき
ヒカ,東金井,ひがしかない
ヒカ,東中野,ひがしなかの
ヒカ,東長原,ひがしながはら
ヒキ,東清川,ひがしきよかわ
ヒキ,平木田,ひらきだ
ヒキ,武蔵引田,むさしひきだ
ヒク,平倉,ひらくら
ヒケ,東下条,ひがしげじょう
ヒコ,東我孫子,ひがしあびこ
ヒコ,聖高原,ひじりこうげん
ヒコ,弥彦,やひこ
ヒサ,東酒田,ひがしさかた
ヒサ,東長沢,ひがしながさわ
ヒサ,東福生,ひがしふっさ
ヒサ,久ノ浜,ひさのはま
ヒシ,川東(福島),かわひがし
ヒシ,東三条,ひがしさんじょう
ヒシ,東白石,ひがししろいし
ヒシ,平石,ひらいし
ヒセ,越後広瀬,えちごひろせ
ヒセ,東十条,ひがしじゅうじょう
ヒセ,東仙台,ひがしせんだい
ヒタ,貝田,かいだ
ヒタ,干潟,ひがた
ヒタ,左堰,ひだりせき
ヒタ,平田(長野),ひらた
ヒチ,東川口,ひがしかわぐち
ヒチ,東千葉,ひがしちば
ヒチ,日立,ひたち
ヒチ,一日市場,ひといちば
ヒツ,東逗子,ひがしずし
ヒツ,東新津,ひがしにいつ
ヒテ,東大館,ひがしおおだて
ヒテ,東館,ひがしだて
ヒト,東所沢,ひがしところざわ
ヒト,東総元,ひがしふさもと
ヒト,広戸,ひろと
ヒナ,東神奈川,ひがしかながわ
ヒナ,鳴子御殿湯,なるこごてんゆ
ヒネ,東根,ひがしね
ヒノ,東能代,ひがしのしろ
ヒノ,日野(東京),ひの
ヒハ,東八森,ひがしはちもり
ヒハ,日野春,ひのはる
ヒハ,平林(新潟),ひらばやし
ヒフ,東福島,ひがしふくしま
ヒフ,東船橋,ひがしふなばし
ヒマ,東松戸,ひがしまつど
ヒミ,東中神,ひがしなかがみ
ヒメ,黒姫,くろひめ
ヒメ,蟇目,ひきめ
ヒモ,東小諸,ひがしこもろ
ヒヤ,東山梨,ひがしやまなし
ヒヤ,日出谷,ひでや
ヒヤ,平山,ひらやま
ヒユ,東結城,ひがしゆうき
ヒヨ,東横田,ひがしよこた
ヒラ,平塚,ひらつか
ヒラ,平内,ひらない
ヒラ,平原,ひらはら
ヒル,東秋留,ひがしあきる
ヒロ,広丘,ひろおか
ヒロ,弘前,ひろさき
ヒワ,日和田,ひわだ
フイ,二ツ井,ふたつい
フイ,分倍河原,ぶばいがわら
フウ,深浦,ふかうら
フカ,深谷,ふかや
フキ,吹上(埼玉),ふきあげ
フク,福島(福島),ふくしま
フク,福俵,ふくたわら
フク,袋倉,ふくろぐら
フケ,大更,おおぶけ
フコ,吹越,ふっこし
フサ,不動の沢,ふどうのさわ
フサ,布佐,ふさ
フサ,藤崎(青森),ふじさき
フシ,群馬藤岡,ぐんまふじおか
フシ,新府,しんぷ
フシ,藤田,ふじた
フタ,津軽二股,つがるふたまた
フタ,袋田,ふくろだ
フタ,二田,ふただ
フチ,府中本町,ふちゅうほんまち
フツ,岩手二日町,いわてふつかまち
フツ,福生,ふっさ
フツ,古津,ふるつ
フト,大船渡,おおふなと
フト,太海,ふとみ
フナ,岩手船越,いわてふなこし
フナ,大船,おおふな
フナ,船越,ふなこし
フニ,西府,にしふ
フネ,舟形,ふながた
フノ,藤野,ふじの
フハ,双葉,ふたば
フハ,文挟,ふばさみ
フヒ,船引,ふねひき
フホ,船橋法典,ふなばしほうてん
フマ,二俣尾,ふたまたお
フマ,二俣新町,ふたまたしんまち
フミ,富士見,ふじみ
フヤ,府屋,ふや
フラ,福原,ふくはら
フラ,吹浦,ふくら
フル,古川,ふるかわ
フレ,プレイピア白浜,プレイピアしらはま
フロ,藤代,ふじしろ
フワ,藤沢,ふじさわ
フン,分水,ぶんすい
ヘシ,艫作,へなし
ヘツ,別田,べつでん
ヘヒ,蛇田,へびた
ホカ,大川,おおかわ
ホク,大久保(東京),おおくぼ
ホコ,会津本郷,あいづほんごう
ホコ,本郷台,ほんごうだい
ホサ,足尾本山,あしおほんざん
ホサ,大沢(山形),おおさわ
ホシ,塩尻,しおじり
ホシ,ゆだ錦秋湖,ゆだきんしゅうこ
ホソ,細浦,ほそうら
ホソ,細野,ほその
ホタ,保田(千葉),ほた
ホタ,穂高,ほたか
ホツ,四方津,しおつ
ホト,保土ケ谷,ほどがや
ホナ,保内,ほない
ホナ,本名,ほんな
ホノ,本納,ほんのう
ホハ,本千葉,ほんちば
ホハ,本八戸,ほんはちのへ
ホヤ,宝積寺,ほうしゃくじ
ホユ,ほっとゆだ,ほっとゆだ
ホラ,神保原,じんぼはら
ホリ,青堀,あおほり
ホリ,越後堀之内,えちごほりのうち
ホリ,八丁堀,はっちょうぼり
ホワ,本庄早稲田,ほんじょうわせだ
ホン,新日本橋,しんにほんばし
ホン,羽後本荘,うごほんじょう
ホン,本庄,ほんじょう
マイ,今井,いまい
マイ,松井田,まついだ
マウ,間藤,まとう
マエ,前橋,まえばし
マエ,前谷地,まえやち
マオ,前橋大島,まえばしおおしま
マオ,松尾(千葉),まつお
マオ,松尾八幡平,まつおはちまんたい
マカ,今川(新潟),いまがわ
マカ,松神,まつかみ
マカ,万座・鹿沢口,まんざ・かざわぐち
マキ,巻,まき
マク,馬来田,まくた
マク,松草,まつくさ
マコ,松原湖,まつばらこ
マサ,下総松崎,しもうさまんざき
マサ,前沢,まえさわ
マシ,鹿島田,かしまだ
マシ,松島,まつしま
マス,武蔵増戸,むさしますこ
マタ,小俣(栃木),おまた
マタ,真滝,またき
マチ,新町,しんまち
マチ,島内,しまうち
マチ,町田,まちだ
マツ,信濃松川,しなのまつかわ
マツ,松岩,まついわ
マテ,山手,やまて
マト,松戸,まつど
マナ,馬流,まながし
マナ,真鶴,まなづる
マノ,浜野,はまの
マハ,舞浜,まいはま
マハ,馬橋,まばし
マハ,陸中松川,りくちゅうまつかわ
マヒ,松久,まつひさ
マヘ,前山,まえやま
マホ,幕張本郷,まくはりほんごう
ママ,間島,まじま
ママ,間々田,ままだ
マム,真室川,まむろがわ
マヤ,松山町,まつやままち
マヨ,幕張豊砂,まくはりとよすな
マリ,大曲(秋田),おおまがり
マリ,幕張,まくはり
マロ,馬下,まおろし
マワ,高麗川,こまがわ
マワ,前川(新潟),まえかわ
マワ,松川,まつかわ
マン,万石浦,まんごくうら
ミイ,南石井,みなみいしい
ミイ,南長井,みなみながい
ミウ,南浦和,みなみうらわ
ミウ,南中郷,みなみなかごう
ミウ,宮内(山形),みやうち
ミエ,水沢江刺,みずさわえさし
ミエ,南寒河江,みなみさがえ
ミオ,南大町,みなみおおまち
ミカ,三川(新潟),みかわ
ミカ,道川,みちかわ
ミカ,南柏,みなみかしわ
ミカ,三門,みかど
ミカ,南神城,みなみかみしろ
ミキ,泉崎,いずみざき
ミク,上牧(群馬),かみもく
ミケ,白神岳登山口,しらかみだけとざんぐち
ミケ,御嶽,みたけ
ミケ,南気仙沼,みなみけせんぬま
ミコ,上小川,かみおがわ
ミコ,相模湖,さがみこ
ミコ,妙高高原,みょうこうこうげん
ミサ,上中里,かみなかざと
ミサ,美里,みさと
ミサ,三沢(青森),みさわ
ミサ,南酒出,みなみさかいで
ミサ,南米沢,みなみよねざわ
ミシ,会津宮下,あいづみやした
ミシ,南越谷,みなみこしがや
ミシ,峰吉川,みねよしかわ
ミス,南酒々井,みなみしすい
ミセ,三関,みつせき
ミタ,御岳堂,みたけどう
ミタ,富田(栃木),とみた
ミタ,南高田,みなみたかだ
ミチ,宮内(新潟),みやうち
ミツ,水沢,みずさわ
ミツ,三鷹,みたか
ミツ,三岡,みつおか
ミテ,南出羽,みなみでわ
ミト,水戸,みと
ミナ,上総湊,かずさみなと
ミナ,南鳥海,みなみちょうかい
ミナ,南豊科,みなみとよしな
ミナ,南流山,みなみながれやま
ミヌ,会津水沼,あいづみずぬま
ミヌ,水沼,みずぬま
ミネ,富根,とみね
ミノ,鶴見小野,つるみおの
ミノ,南野,みなみの
ミノ,仙台貨物ターミナル,せんだいかもつターミナル
ミハ,南三原,みなみはら
ミフ,上二田,かみふただ
ミフ,南福島,みなみふくしま
ミフ,南船橋,みなみふなばし
ミフ,南古谷,みなみふるや
ミホ,妙法寺(新潟),みょうほうじ
ミマ,三河島,みかわしま
ミマ,南松本,みなみまつもと
ミマ,三厩,みんまや
ミミ,南新庄,みなみしんじょう
ミミ,南多摩,みなみたま
ミミ,吉川美南,よしかわみなみ
ミモ,南橋本,みなみはしもと
ミモ,宮守,みやもり
ミヤ,宇都宮,うつのみや
ミヤ,神山,かみやま
ミヤ,宮古,みやこ
ミヨ,南吉田,みなみよしだ
ミヨ,南与野,みなみよの
ミヨ,明覚,みょうかく
ミヨ,御代田,みよた
ミラ,宮原,みやはら
ミリ,芦ノ牧温泉,あしのまきおんせん
ミレ,乱川,みだれがわ
ミワ,青海川,おうみがわ
ムア,陸奥赤石,むつあかいし
ムイ,武蔵五日市,むさしいつかいち
ムイ,村井,むらい
ムカ,向山,むかいやま
ムク,白神岳登山口,しらかみだけとざんぐち
ムコ,武蔵小金井,むさしこがねい
ムサ,陸奥岩崎,むついわさき
ムシ,浅虫温泉,あさむしおんせん
ムシ,武蔵新城,むさししんじょう
ムタ,岩村田,いわむらだ
ムタ,誉田,ほんだ
ムタ,神俣,かんまた
ムツ,陸奥白浜,むつしらはま
ムト,陸奥湊,むつみなと
ムナ,武蔵中原,むさしなかはら
ムノ,村崎野,むらさきの
ムヒ,羽前向町,うぜんむかいまち
ムマ,六日町,むいかまち
ムミ,武蔵溝ノ口,むさしみぞのくち
ムミ,村上(新潟),むらかみ
ムヤ,陸奥柳田,むつやなぎた
ムラ,武蔵浦和,むさしうらわ
ムラ,村山(山形),むらやま
ムレ,牟礼,むれ
ムロ,岩室,いわむろ
ムロ,向能代,むかいのしろ
メカ,女鹿,めが
メキ,目時,めとき
メク,目黒,めぐろ
メシ,目白,めじろ
メタ,亀田,かめだ
メヤ,上総亀山,かずさかめやま
モア,思川,おもいがわ
モイ,鴨居,かもい
モイ,茂市,もいち
モイ,物井,ものい
モウ,真岡,もおか
モオ,上盛岡,かみもりおか
モキ,舞木,もうぎ
モキ,茂吉記念館前,もきちきねんかんまえ
モケ,森岳,もりたけ
モコ,下郡,しもごおり
モコ,面白山高原,おもしろやまこうげん
モス,下菅谷,しもすがや
モタ,下田,しもだ
モタ,本楯,もとたて
モタ,本八幡,もとやわた
モテ,茂木,もてぎ
モテ,門田,もんでん
モト,総元,ふさもと
モト,松本,まつもと
モト,本吉,もとよし
モノ,鴨宮,かものみや
モハ,茂原,もばら
モヘ,信濃森上,しなのもりうえ
モマ,磐城守山,いわきもりやま
モミ,最上,もがみ
モミ,下溝,しもみぞ
モミ,森宮野原,もりみやのはら
モモ,桃内,ももうち
モヤ,本宮(福島),もとみや
モリ,盛岡,もりおか
モロ,毛呂,もろ
ヤイ,矢板,やいた
ヤイ,八色,やいろ
ヤエ,山前,やままえ
ヤオ,綾織,あやおり
ヤカ,北山形,きたやまがた
ヤカ,矢川,やがわ
ヤカ,谷河原,やがわら
ヤカ,藪神,やぶかみ
ヤキ,陸中八木,りくちゅうやぎ
ヤク,八幡宿,やわたじゅく
ヤケ,社家,しゃけ
ヤコ,矢向,やこう
ヤコ,矢越,やごし
ヤサ,矢沢,やさわ
ヤシ,小林(千葉),こばやし
ヤシ,屋代,やしろ
ヤシ,山梨市,やまなしし
ヤス,安田(新潟),やすだ
ヤス,ヤナバスキー場前,ヤナバスキーじょうまえ
ヤセ,綾瀬,あやせ
ヤタ,矢代田,やしろだ
ヤタ,矢田前,やだまえ
ヤタ,山方宿,やまがたじゅく
ヤチ,八街,やちまた
ヤチ,陸前谷地,りくぜんやち
ヤテ,山寺,やまでら
ヤツ,矢美津,やびつ
ヤト,大和(茨城),やまと
ヤト,山都,やまと
ヤナ,柳津(宮城),やないづ
ヤナ,梁川(山梨),やながわ
ヤナ,柳田,やなぎた
ヤナ,柳原(岩手),やなぎはら
ヤノ,山ノ目,やまのめ
ヤハ,新八柱,しんやはしら
ヤハ,八木原,やぎはら
ヤハ,簗場,やなば
ヤハ,矢作,やはぎ
ヤハ,矢幅,やはば
ヤフ,矢吹,やぶき
ヤヘ,羽前山辺,うぜんやまべ
ヤヘ,矢部,やべ
ヤホ,谷保,やほ
ヤマ,小山,おやま
ヤマ,弥五島,やごしま
ヤマ,山下(宮城),やました
ヤミ,八積,やつみ
ヤヤ,宮山,みややま
ヤリ,鑓見内,やりみない
ヤワ,長苗代,ながなわしろ
ヤワ,早川,はやかわ
ヤワ,谷田川,やたがわ
ユカ,鮎貝,あゆかい
ユカ,有備館,ゆうびかん
ユキ,結城,ゆうき
ユキ,ゆだ錦秋湖,ゆだきんしゅうこ
ユク,宿河原,しゅくがわら
ユコ,ゆだ高原,ゆだこうげん
ユサ,遊佐,ゆざ
ユシ,油島,ゆしま
ユセ,湯瀬温泉,ゆぜおんせん
ユタ,ゆだ高原,ゆだこうげん
ユハ,湯河原,ゆがわら
ユヒ,湯檜曽,ゆびそ
ユミ,湯野上温泉,ゆのかみおんせん
ユモ,湯本,ゆもと
ユワ,越後湯沢,えちごゆざわ
ユワ,湯沢,ゆざわ
ヨカ,吉川,よしかわ
ヨカ,四街道,よつかいどう
ヨク,横倉(長野),よこくら
ヨコ,横川(群馬),よこかわ
ヨコ,陸奥横浜,むつよこはま
ヨシ,国吉,くによし
ヨシ,吉田(新潟),よしだ
ヨソ,横磯,よこいそ
ヨタ,会津横田,あいづよこた
ヨタ,洋光台,ようこうだい
ヨタ,横田,よこた
ヨチ,八日市場,ようかいちば
ヨチ,与野本町,よのほんまち
ヨツ,四ツ倉,よつくら
ヨテ,横手,よこて
ヨト,用土,ようど
ヨネ,米沢,よねざわ
ヨノ,与野,よの
ヨハ,横芝,よこしば
ヨホ,横堀,よこぼり
ヨマ,横間,よこま
ヨメ,横川目,よこかわめ
ヨモ,夜ノ森,よのもり
ヨモ,蓬田,よもぎた
ヨヤ,四ツ小屋,よつごや
ヨヤ,四ツ谷,よつや
ヨヤ,米山,よねやま
ヨヨ,代々木,よよぎ
ヨリ,寄居,よりい
ライ,新井(新潟),あらい
ライ,平泉,ひらいずみ
ライ,武蔵白石,むさししらいし
ラオ,白岡,しらおか
ラオ,寺尾,てらお
ラカ,五十川,いらがわ
ラカ,白河,しらかわ
ラク,有楽町,ゆうらくちょう
ラコ,来迎寺,らいこうじ
ラサ,相模原,さがみはら
ラサ,白坂,しらさか
ラシ,原宿,はらじゅく
ラタ,平館,たいらだて
ラタ,平滝,ひらたき
ラタ,俵田,たわらだ
ラツ,平津戸,ひらつと
ラト,荒砥,あらと
ラノ,倉賀野,くらがの
ラハ,礼拝,らいはい
ラヒ,蕨,わらび
ラホ,さくらんぼ東根,さくらんぼひがしね
ラマ,平間,ひらま
ラミ,倉見,くらみ
ラヤ,荒谷前,あらやまえ
ララ,会津下郷,あいづしもごう
ラワ,北浦和,きたうらわ
ラン,行川アイランド,なめがわアイランド
リイ,陸中折居,りくちゅうおりい
リウ,竜王,りゅうおう
リカ,陸中大里,りくちゅうおおさと
リカ,織笠,おりかさ
リカ,狩川,かりかわ
リキ,龍ケ崎市,りゅうがさきし
リコ,みどり湖,みどりこ
リコ,陸前小泉,りくぜんこいずみ
リサ,陸前山王,りくぜんさんのう
リタ,陸奥森田,むつもりた
リツ,陸中夏井,りくちゅうなつい
リナ,陸前港,りくぜんみなと
リフ,利府,りふ
リマ,久里浜,くりはま
リマ,陸中山田,りくちゅうやまだ
リミ,陸前階上,りくぜんはしかみ
リモ,龍ヶ森,りゅうがもり
リヤ,入谷(神奈川),いりや
リヤ,陸前矢作,りくぜんやはぎ
リヨ,陸前横山,りくぜんよこやま
リリ,吉里吉里,きりきり
リワ,刈羽,かりわ
リワ,陸中川井,りくちゅうかわい
リン,梨郷,りんごう
ルカ,鶴ケ坂,つるがさか
ルコ,鳴子温泉,なるこおんせん
ルタ,古館,ふるだて
ルチ,古口,ふるくち
ルマ,古間,ふるま
ルヤ,晴山,はるやま
レウ,両石,りょういし
レウ,両国,りょうごく
ロク,六原,ろくはら
ロタ,広田,ひろた
ロネ,羽根尾,はねお
ロノ,広野(福島),ひろの
ロハ,黒田原,くろだはら
ロワ,黒沢(横手市),くろさわ
ワイ,岩井,いわい
ワイ,磐城石川,いわきいしかわ
ワウ,王子,おうじ
ワカ,会津若松,あいづわかまつ
ワカ,信濃川上,しなのかわかみ
ワキ,いわき,いわき
ワキ,岩切,いわきり
ワキ,川岸,かわぎし
ワコ,小川郷,おがわごう
ワコ,田沢湖,たざわこ
ワサ,脇ノ沢,わきのさわ
ワシ,川崎新町,かわさきしんまち
ワシ,川島,かわしま
ワセ,岩瀬,いわせ
ワタ,日向和田,ひなたわだ
ワタ,和田,わだ
ワツ,安房天津,あわあまつ
ワテ,岩出山,いわでやま
ワテ,八丁畷,はっちょうなわて
ワナ,岩手和井内,いわてわいない
ワナ,川中島,かわなかじま
ワニ,大鰐温泉,おおわにおんせん
ワノ,渡波,わたのは
ワヒ,柏木平,かしわぎだいら
ワフ,和渕,わぶち
ワマ,岩間,いわま
ワミ,東鷲宮,ひがしわしのみや
ワミ,若宮,わかみや
ワメ,沢目,さわめ
ワモ,脇本,わきもと
ワヤ,羽後岩谷,うごいわや
ワヤ,上涌谷,かみわくや
ワユ,川原湯温泉,かわらゆおんせん
ワヨ,羽沢横浜国大,はざわよこはまこくだい
ワラ,桑原,くわばら
ワラ,和田浦,わだうら
ワリ,陸中川尻,りくちゅうかわしり
アタ,熱海,あたみ
シク,新宮,しんぐう
アイ,相賀,あいが
アイ,愛野(静岡),あいの
アカ,赤木,あかぎ
アコ,阿漕,あこぎ
アサ,朝日,あさひ
アシ,芦川(山梨),あしがわ
アシ,新鹿,あたしか
アソ,阿曽,あそ
アチ,新居町,あらいまち
アツ,熱田,あつた
アヘ,安倍川,あべかわ
アマ,上松,あげまつ
アミ,愛知御津,あいちみと
アラ,足柄(静岡),あしがら
アリ,有井,ありい
アン,安城,あんじょう
イイ,飯田,いいだ
イウ,伊那本郷,いなほんごう
イエ,家城,いえき
イオ,伊那大島,いなおおしま
イカ,伊勢柏崎,いせかしわざき
イキ,井関,いせぎ
イケ,池の浦シーサイド,いけのうらシーサイド
イケ,池場,いけば
イコ,稲子,いなこ
イシ,飯島,いいじま
イシ,石浜,いしはま
イス,五十鈴ケ丘,いすずがおか
イセ,伊勢市,いせし
イタ,紀伊井田,きいいだ
イチ,市ノ瀬,いちのせ
イチ,尾張一宮,おわりいちのみや
イツ,出馬,いずんま
イテ,井出,いで
イナ,伊那上郷,いなかみさと
イナ,稲沢,いなざわ
イハ,伊勢八太,いせはた
イハ,上市場,かみいちば
イフ,伊那福岡,いなふくおか
イマ,伊那新町,いなしんまち
イミ,相見,あいみ
イモ,市川大門,いちかわだいもん
イリ,入山瀬,いりやませ
イワ,井田川,いだがわ
イン,一身田,いしんでん
ウカ,梅ケ谷,うめがだに
ウク,鶯巣,うぐす
ウス,茶臼山,ちゃうすやま
ウツ,打保,うつぼ
ウト,鵜殿,うどの
ウナ,近江長岡,おうみながおか
ウフ,内船,うつぶな
ウヘ,甲斐上野,かいうえの
ウマ,鵜沼,うぬま
ウミ,大海,おおみ
ウラ,東浦,ひがしうら
ウロ,上呂,じょうろ
ウワ,浦川,うらかわ
エイ,永和,えいわ
エカ,永覚,えかく
エシ,江島,えじま
エナ,恵那,えな
オイ,上大井,かみおおい
オウ,相可,おうか
オオ,大岡(静岡),おおおか
オカ,岡崎,おかざき
オキ,興津,おきつ
オシ,甲斐大島,かいおおしま
オタ,大田切,おおたぎり
オチ,落合川,おちあいがわ
オチ,落居,おちい
オツ,伊勢奥津,いせおきつ
オト,尾頭橋,おとうばし
オネ,大曽根,おおぞね
オフ,大府,おおぶ
オマ,大内山,おおうちやま
オワ,緒川,おがわ
カカ,勝川,かちがわ
カキ,大垣,おおがき
カキ,柿平,かきだいら
カケ,掛川,かけがわ
カコ,可児,かに
カサ,加佐登,かさど
カソ,川添,かわぞえ
カタ,賀田,かた
カニ,蟹江,かにえ
カネ,相模金子,さがみかねこ
カネ,十二兼,じゅうにかね
カノ,上ノ庄,かみのしょう
カハ,片浜,かたはま
カハ,川路,かわじ
カフ,上麻生,かみあそう
カヘ,鼎,かなえ
カマ,伊勢鎌倉,いせかまくら
カミ,函南,かんなみ
カム,各務ケ原,かがみがはら
カヤ,金谷,かなや
カラ,蒲原,かんばら
カリ,刈谷,かりや
カワ,豊川(愛知),とよかわ
キオ,北岡崎,きたおかざき
キク,菊川(静岡),きくがわ
キス,清洲,きよす
キソ,木曽平沢,きそひらさわ
キナ,紀伊長島,きいながしま
キフ,岐阜,ぎふ
キマ,時又,ときまた
キリ,切石,きりいし
キワ,共和,きょうわ
キン,金野,きんの
クキ,九鬼,くき
クク,久々野,くぐの
クサ,草薙,くさなぎ
クチ,鰍沢口,かじかざわぐち
クナ,久那土,くなど
クノ,熊野市,くまのし
クホ,牛久保,うしくぼ
クラ,倉本,くらもと
クワ,大桑(長野),おおくわ
クワ,桑名,くわな
ケカ,毛賀,けが
ケナ,武並,たけなみ
ケロ,下呂,げろ
ケン,源道寺,げんどうじ
コイ,小坂井,こざかい
コウ,三河上郷,みかわかみごう
コカ,小井川,こいかわ
コク,飛騨国府,ひだこくふ
コケ,古虎渓,ここけい
コサ,伊那小沢,いなこざわ
コシ,神志山,こうしやま
コソ,高蔵寺,こうぞうじ
コタ,幸田,こうだ
コツ,小泉,こいずみ
コテ,御殿場,ごてんば
コヒ,古井,こび
コホ,国母,こくぼ
コマ,駒ケ根,こまがね
コミ,南甲府,みなみこうふ
コヤ,小町屋,こまちや
コリ,蒲郡,がまごおり
コワ,小和田,こわだ
コン,権現前,ごんげんまえ
サイ,醒ケ井,さめがい
サカ,飛騨小坂,ひだおさか
サキ,杉崎,すぎさき
サク,佐久間,さくま
サタ,坂下,さかした
サチ,桜町,さくらまち
サナ,佐奈,さな
サネ,三ケ根,さんがね
サホ,坂祝,さかほぎ
サミ,坂上,さかかみ
サモ,美乃坂本,みのさかもと
サラ,笠寺,かさでら
サワ,沢,さわ
シア,下麻生,しもあそう
シイ,下市田,しもいちだ
シイ,下油井,しもゆい
シエ,常永,じょうえい
シオ,塩之沢,しおのさわ
シカ,新蒲原,しんかんばら
シサ,西小坂井,にしこざかい
シシ,東新町,ひがししんまち
シセ,下庄,しものしょう
シタ,木ノ下,きのした
シツ,静岡,しずおか
シテ,為栗,してぐり
シハ,新所原,しんじょはら
シフ,新富士(静岡),しんふじ
シマ,島田(静岡),しまだ
シミ,清水(静岡),しみず
シモ,下切,しもぎり
シモ,下部温泉,しもべおんせん
シラ,白川口,しらかわぐち
シラ,下平,しもだいら
シリ,下土狩,しもとがり
シロ,新城,しんしろ
シワ,芝川,しばかわ
シン,神領,じんりょう
スイ,春日井(JR東海),かすがい
スキ,杉原,すぎはら
スソ,裾野,すその
スミ,甲斐住吉,かいすみよし
スラ,須原,すはら
スル,駿河小山,するがおやま
セオ,伊勢大井,いせおおい
セコ,善光寺,ぜんこうじ
セハ,洗馬,せば
セミ,関ノ宮,せきのみや
セラ,関ケ原,せきがはら
セン,禅昌寺,ぜんしょうじ
ソカ,木曽川,きそがわ
ソネ,大曽根浦,おおそねうら
ソハ,蘇原,そはら
ソマ,木曽福島,きそふくしま
ソレ,大嵐,おおぞれ
タカ,高遠原,たかとおばら
タキ,多気,たき
タケ,伊勢竹原,いせたけはら
タシ,波高島,はだかじま
タチ,田立,ただち
タツ,高塚,たかつか
タテ,竪堀,たてぼり
タト,武豊,たけとよ
タナ,駄科,だしな
タハ,田畑,たばた
タミ,多治見,たじみ
タモ,田本,たもと
タヤ,高山,たかやま
タラ,滝原,たきはら
タリ,田切,たぎり
タル,垂井,たるい
タワ,阿田和,あたわ
チウ,中部天竜,ちゅうぶてんりゅう
チキ,紀伊市木,きいいちぎ
チク,千種,ちくさ
チシ,一志,いちし
チタ,市田,いちだ
チヤ,高茶屋,たかちゃや
チヨ,千代,ちよ
ツカ,三河大塚,みかわおおつか
ツキ,相月,あいづき
ツツ,津,つ
ツナ,瑞浪,みずなみ
ツノ,角川,つのがわ
ツマ,逢妻,あいづま
ツワ,乙川,おっかわ
テイ,定光寺,じょうこうじ
テワ,天竜川,てんりゅうがわ
テン,天竜峡,てんりゅうきょう
トウ,十島,とおしま
トエ,東栄,とうえい
トキ,外城田,ときだ
トク,徳和,とくわ
トシ,土岐市,ときし
トセ,東上,とうじょう
トタ,新豊田,しんとよた
トタ,豊田町,とよだちょう
トチ,栃原,とちはら
トノ,北殿,きたとの
トハ,鳥羽,とば
トマ,大泊,おおどまり
トミ,富田(三重),とみだ
トヨ,豊橋,とよはし
トワ,甲斐常葉,かいときわ
ナカ,那加,なか
ナカ,中井侍,なかいさむらい
ナキ,伊那北,いなきた
ナコ,名古屋,なごや
ナサ,渚(岐阜),なぎさ
ナシ,伊那市,いなし
ナセ,長篠城,ながしのじょう
ナソ,南木曽,なぎそ
ナタ,伊那田島,いなたじま
ナツ,中津川,なかつがわ
ナナ,長泉なめり,ながいずみなめり
ナヘ,中川辺,なかかわべ
ナマ,長島,ながしま
ナホ,七久保,ななくぼ
ナモ,長森,ながもり
ナヤ,金山(愛知),かなやま
ニエ,贄川,にえかわ
ニオ,西岡崎,にしおかざき
ニキ,西岐阜,にしぎふ
ニナ,西名古屋港,にしなごやこう
ニフ,西富士宮,にしふじのみや
ニマ,二木島,にぎしま
ニヤ,西焼津,にしやいづ
ヌク,温田,ぬくた
ヌホ,沼久保,ぬまくぼ
ヌマ,沼津,ぬまづ
ネテ,金手,かねんて
ネモ,根本,ねもと
ノシ,野尻,のじり
ノセ,野田城,のだじょう
ノマ,野田新町,のだしんまち
ノミ,富士宮,ふじのみや
ハキ,飛騨萩原,ひだはぎわら
ハシ,岐阜羽島,ぎふはしま
ハス,波田須,はだす
ハタ,八田,はった
ハツ,浜松,はままつ
ハノ,原野,はらの
ハハ,羽場(長野),はば
ハヤ,早瀬,はやせ
ハラ,原(静岡),はら
ハワ,東花輪,ひがしはなわ
ハン,半田,はんだ
ヒカ,飛騨金山,ひだかなやま
ヒシ,東静岡,ひがししずおか
ヒタ,東田子の浦,ひがしたごのうら
ヒツ,比津,ひつ
ヒテ,日出塩,ひでしお
ヒフ,飛騨古川,ひだふるかわ
ヒホ,飛騨細江,ひだほそえ
ヒマ,甲斐岩間,かいいわま
ヒミ,飛騨宮田,ひだみやだ
ヒメ,姫,ひめ
ヒヤ,東山北,ひがしやまきた
ヒヤ,飛騨一ノ宮,ひだいちのみや
ヒラ,平岡,ひらおか
ヒリ,東刈谷,ひがしかりや
ヒワ,枇杷島,びわじま
フエ,藤枝,ふじえだ
フオ,富士岡,ふじおか
フカ,富士川,ふじかわ
フコ,釜戸,かまど
フシ,富士,ふじ
フタ,二川,ふたがわ
フツ,船津(紀北町),ふなつ
フナ,船町,ふなまち
フネ,富士根,ふじね
フラ,二見浦,ふたみのうら
ヘン,弁天島,べんてんじま
ホエ,上枝,ほずえ
ホタ,大高,おおだか
ホナ,本長篠,ほんながしの
ホマ,市川本町,いちかわほんまち
ホミ,穂積,ほづみ
マカ,舞阪,まいさか
マサ,松阪,まつさか
マス,北野桝塚,きたのますづか
マタ,松田,まつだ
マツ,松下,まつした
マハ,三河槙原,みかわまきはら
ママ,伊那松島,いなまつしま
マル,田丸,たまる
ミア,美濃赤坂,みのあかさか
ミイ,三河一宮,みかわいちのみや
ミイ,美濃川合,みのかわい
ミウ,三河東郷,みかわとうごう
ミオ,美濃太田,みのおおた
ミカ,宮川,みやがわ
ミキ,三木里,みきさと
ミキ,宮木,みやき
ミク,御厨(静岡),みくりや
ミコ,南御殿場,みなみごてんば
ミコ,宮ノ越,みやのこし
ミサ,水窪,みさくぼ
ミシ,三島,みしま
ミセ,三野瀬,みのせ
ミタ,富田浜,とみだはま
ミツ,三河塩津,みかわしおつ
ミト,三河豊田,みかわとよた
ミニ,三瀬谷,みせだに
ミフ,身延,みのぶ
ミホ,南大高,みなみおおだか
ミミ,三河三谷,みかわみや
ミヤ,宮田,みやだ
ミヨ,南四日市,みなみよっかいち
ミリ,上片桐,かみかたぎり
ミワ,三河安城,みかわあんじょう
ムカ,向市場,むかいちば
ムネ,用宗,もちむね
ムラ,下山村,しもやまむら
メキ,亀崎,かめざき
モカ,下川合,しもかわい
モシ,元善光寺,もとぜんこうじ
モソ,下曽我,しもそが
モチ,下地,しもじ
モマ,下島(伊那市),しもじま
モヤ,新守山,しんもりやま
モリ,尾張森岡,おわりもりおか
モン,門島,かどしま
ヤカ,谷峨,やが
ヤク,山田上口,やまだかみぐち
ヤケ,焼石,やけいし
ヤタ,山北,やまきた
ヤチ,伊勢八知,いせやち
ヤツ,焼津,やいづ
ヤト,弥富,やとみ
ヤハ,伊那八幡,いなやわた
ヤフ,山吹,やまぶき
ヤマ,長山,ながやま
ヤラ,藪原,やぶはら
ユイ,由比,ゆい
ユノ,柚木(富士市),ゆのき
ユヤ,湯谷温泉,ゆやおんせん
ヨカ,四日市,よっかいち
ヨシ,吉原,よしわら
ヨリ,寄畑,よりはた
ライ,奈良井,ならい
ラオ,荒尾(岐阜),あらお
ラサ,唐笠,からかさ
ラタ,河原田,かわらだ
ラワ,東成岩,ひがしならわ
リイ,鳥居,とりい
ルタ,春田,はるた
ルマ,鶴舞,つるまい
ロイ,袋井,ふくろい
ロク,六軒(三重),ろっけん
ロコ,六合,ろくごう
ロシ,城西,しろにし
ワイ,三河川合,みかわかわい
ワオ,三河大野,みかわおおの
ワク,伊勢川口,いせかわぐち
ワシ,鷲津,わしづ
ワセ,尾鷲,おわせ
ワタ,磐田,いわた
ワナ,岩波,いわなみ
ワノ,河曲,かわの
ワハ,柏原(滋賀),かしわばら
ワン,沢渡,さわんど
シア,新青森,しんあおもり
ナカ,中小国,なかおぐに
アイ,相内,あいのない
アカ,赤井川,あかいがわ
アケ,厚岸,あっけし
アコ,あいの里公園,あいのさとこうえん
アサ,旭川,あさひかわ
アシ,旭川四条,あさひかわよじょう
アシ,芦別,あしべつ
アツ,厚内,あつない
アト,厚床,あっとこ
アネ,姉別,あねべつ
アノ,あいの里教育大,あいのさときょういくだい
アノ,芦野,あしの
アハ,網走,あばしり
アヒ,旭(北海道),あさひ
アフ,阿分,あふん
アヘ,厚別,あつべつ
アマ,安足間,あんたろま
アヨ,足寄,あしょろ
アラ,赤平,あかびら
アリ,朝里,あさり
イイ,糸井,いとい
イウ,伊奈牛,いなうし
イカ,伊香牛,いかうし
イク,幾春別,いくしゅんべつ
イク,生野(北海道),いくの
イケ,池田(北海道),いけだ
イサ,愛山,あいざん
イシ,石倉,いしくら
イソ,上磯,かみいそ
イタ,池田園,いけだえん
イチ,余市,よいち
イツ,泉川,いずみかわ
イト,糸魚沢,いといざわ
イナ,稲穂,いなほ
イナ,岩内,いわない
イノ,伊納,いのう
イハ,生田原,いくたはら
イフ,磯分内,いそぶんない
イヘ,愛別,あいべつ
イミ,泉沢,いずみさわ
イヤ,石谷,いしやしんごうじょう
イリ,北海道医療大学,ほっかいどういりょうだいがく
イワ,岩見沢,いわみざわ
ウウ,東雲(北海道),とううん
ウエ,雨煙別,うえんべつ
ウカ,浦河,うらかわ
ウシ,初田牛,はったうし
ウス,有珠,うす
ウタ,歌志内,うたしない
ウチ,広内信号場,ひろうちしんごうじょう
ウツ,宇津,うつ
ウト,鵜苫,うとま
ウナ,植苗,うえなえ
ウヘ,滝ノ上,たきのうえしんごうじょう
ウマ,唐松,とうまつ
ウマ,宇摩,うま
ウミ,歌神,かしん
ウラ,浦幌,うらほろ
ウラ,浜田浦,はまたうら
エオ,江部乙,えべおつ
エシ,江差,えさし
エツ,江別,えべつ
エニ,恵庭,えにわ
エヒ,恵比島,えびしま
エン,遠軽,えんがる
オア,大麻,おおあさ
オイ,追分(北海道),おいわけ
オウ,大中山,おおなかやま
オエ,大沼公園,おおぬまこうえん
オカ,緑が丘(北海道),みどりがおか
オキ,荻伏,おぎふし
オク,奥白滝信号場,おくしらたきしんごうじょう
オケ,置戸,おけと
オコ,興部,おこっぺ
オサ,納内,おさむない
オシ,落石,おちいし
オソ,晩生内,おそきない
オタ,小樽,おたる
オチ,落合(北海道),おちあい
オツ,長都,おさつ
オト,音威子府,おといねっぷ
オナ,尾白内,おしろない
オニ,鬼志別,おにしべつ
オノ,雄信内信号場,おのっぷないしんごうじょう
オハ,青葉,あおば
オヒ,羽帯,はおび
オヘ,大狩部,おおかりべ
オヘ,落部,おとしべ
オホ,尾幌,おぼろ
オマ,大沼,おおぬま
オミ,汐見,しおみ
オユ,奥行臼,おくゆきうす
オヨ,大誉地,およち
オラ,渡島砂原,おしまさわら
オロ,帯広,おびひろ
オワ,渡島大沢,おしまおおさわ
オン,音別,おんべつ
カア,上厚内信号場,かみあつないしんごうじょう
カイ,上落合信号場,かみおちあいしんごうじょう
カオ,東オサワ信号場,ひがしオサワしんごうじょう
カオ,上音威子府,かみおといねっぷ
カキ,川北,かわきた
カク,神楽岡,かぐらおか
カコ,上興部,かみおこっぺ
カサ,三笠(北海道),みかさ
カス,上砂川,かみすながわ
カセ,開盛,かいせい
カタ,上多度志,かみたどし
カテ,楓信号場,かえでしんごうじょう
カト,上利別,かみとしべつ
カナ,金山(北海道),かなやま
カニ,上ノ国,かみのくに
カニ,川西(北海道),かわにし
カヌ,茅沼,かやぬま
カネ,金華,かねはなしんごうじょう
カノ,上富良野,かみふらの
カハ,樺岡,かばおか
カフ,愛冠,あいかっぷ
カヘ,鹿部,しかべ
カホ,上尾幌,かみおぼろ
カマ,兜沼,かぶとぬま
カミ,上幌向,かみほろむい
カム,上武佐,かみむさ
カヤ,萱野,かやの
カユ,上湧別,かみゆうべつ
カヨ,上名寄,かみなよろ
カラ,上白滝,かみしらたき
カロ,上常呂,かみところ
カワ,川端,かわばた
キイ,北一已,きたいちやん
キイ,北入江信号場,きたいりえしんごうじょう
キエ,北遠軽,きたえんがる
キエ,北美瑛,きたびえい
キコ,木古内,きこない
キケ,桔梗,ききょう
キサ,清里町,きよさとちょう
キシ,大岸,おおきし
キシ,共進,きょうしん
キチ,北剣淵,きたけんぶち
キナ,北永山,きたながやま
キノ,北日ノ出,きたひので
キハ,岐阜橋,ぎふばし
キヒ,北比布,きたぴっぷ
キヒ,北広島,きたひろしま
キフ,北舟岡,きたふなおか
キヘ,北秩父別,きたちっぷべつ
キマ,北浜(北海道),きたはま
キミ,北見,きたみ
キモ,北母子里,きたもしり
キヨ,清川口,きよかわぐち
キヨ,共栄,きょうえい
キラ,北吉原,きたよしはら
キリ,本桐,ほんきり
キン,銀山,ぎんざん
クオ,栗丘,くりおか
クシ,釧路,くしろ
クチ,倶知安,くっちゃん
クツ,東久根別,ひがしくねべつ
クナ,串内信号場,くしないしんごうじょう
クニ,国縫,くんぬい
クネ,訓子府,くんねっぷ
クヘ,久根別,くねべつ
クマ,舎熊,しゃぐま
クモ,八雲,やくも
クリ,栗山,くりやま
クル,咲来,さっくる
クロ,黒岩,くろいわ
クワ,栗沢,くりさわ
クン,将軍山,しょうぐんざん
ケセ,原生花園,げんせいかえん
ケヌ,剣淵,けんぶち
ケネ,計根別,けねべつ
ケホ,恵北,けいほく
コウ,光珠内,こうしゅない
コク,五十石,ごじっこく
ココ,小石,こいし
コサ,駒里信号場,こまさとしんごうじょう
コシ,宮越,みやこし
コシ,蘭越,らんこし
コセ,瀬越,せごし
コツ,渚滑,しょこつ
コツ,西興部,にしおこっぺ
コト,琴似,ことに
コニ,新琴似,しんことに
コネ,黄金(北海道),こがね
コハ,湖畔,こはん
コヒ,声問,こえとい
コフ,昆布,こんぶ
コホ,小幌,こぼろ
コマ,駒ヶ岳,こまがたけ
コム,小向,こむかい
コヨ,虎杖浜,こじょうはま
コラ,琴平(北海道),ことひら
コリ,五稜郭,ごりょうかく
コン,昆布盛,こんぶもり
サイ,於札内,おさつない
サエ,新栄野,しんさかえの
サオ,桜岡,さくらおか
サカ,札苅,さつかり
サキ,山崎(北海道),やまさき
サク,佐久,さく
サコ,高砂(北海道),たかさご
サツ,札幌,さっぽろ
サテ,札的,さってき
サト,滝里,たきさと
サナ,札内,さつない
サノ,境野,さかいの
サヒ,札比内,さっぴない
サフ,猿払,さるふつ
サホ,サッポロビール庭園,サッポロビールていえん
サマ,筬島,おさしま
サム,発寒,はっさむ
サモ,崎守,さきもり
サラ,桜庭,さくらば
サル,沙留,さるる
サワ,小沢,こざわ
シイ,白石(北海道),しろいし
シウ,渡島知内,おしましりうち
シウ,新成生,しんなりう
シエ,昭栄信号場,しょうえいしんごうじょう
シオ,新大楽毛,しんおたのしけ
シカ,鹿討,しかうち
シカ,然別,しかりべつ
シク,銚子口,ちょうしぐちしんごうじょう
シケ,大楽毛,おたのしけ
シコ,森林公園(北海道),しんりんこうえん
シサ,新旭川,しんあさひかわ
シス,下鶉,しもうずら
シセ,新千歳空港,しんちとせくうこう
シタ,社台,しゃだい
シチ,潮見町,しおみちょう
シチ,標茶,しべちゃ
シツ,釧路湿原,くしろしつげん
シツ,静狩,しずかり
シツ,下士別,しもしべつ
シト,下頓別,しもとんべつ
シナ,静内,しずない
シハ,芦川(北海道),あしかわ
シフ,新富士(北海道),しんふじ
シヘ,士別,しべつ
シホ,塩谷,しおや
シマ,蘭島,らんしま
シミ,清水沢,しみずさわ
シミ,新富,しんとみ
シム,占冠,しむかっぷ
シモ,下金山,しもかなやま
シヤ,知床斜里,しれとこしゃり
シユ,新夕張,しんゆうばり
シヨ,新吉野,しんよしの
シラ,白老,しらおい
シラ,白樺,しらかば
シリ,塩狩,しおかり
シワ,新十津川,しんとつかわ
シン,新札幌,しんさっぽろ
シン,神明(北海道),しんめい
スタ,中須田,なかすだ
スナ,砂川,すながわ
スホ,瑞穂,みずほ
スマ,鱒浦,ますうら
スミ,稲積公園,いなづみこうえん
スラ,鶉,うずら
セケ,千軒,せんげん
セサ,清風山信号場,せいふうざんしんごうじょう
セセ,瀬戸瀬,せとせ
セニ,銭函,ぜにばこ
セヒ,仙美里,せんびり
セフ,節婦,せっぷ
セワ,政和,せいわ
ソウ,桑園,そうえん
ソエ,添牛内,そえうしない
タイ,蕨岱,わらびたい
タウ,当別,とうべつ
タカ,高島(北海道),たかしま
タキ,滝川,たきかわ
タク,拓北,たくほく
タケ,竹浦,たけうら
タコ,小樽築港,おたるちっこう
タサ,滝ノ沢信号場,たきのさわしんごうじょう
タセ,大成,たいせい
タタ,滝ノ下信号場,たきのしたしんごうじょう
タテ,伊達紋別,だてもんべつ
タト,多度志,たどし
タナ,歌内,うたない
タニ,鹿ノ谷,しかのたに
タノ,端野,たんの
タヒ,竜飛海底,たっぴていてん
タヘ,太平,たいへい
タホ,当幌,とうほろ
タマ,鷹泊,たかどまり
タミ,西北見,にしきたみ
タモ,日高門別,ひだかもんべつ
タヨ,多寄,たよろ
タル,南小樽,みなみおたる
チオ,知来乙,ちらいおつ
チク,直別信号場,ちょくべつしんごうじょう
チコ,千歳空港,ちとせくうこう
チセ,千歳(北海道),ちとせ
チツ,秩父別,ちっぷべつ
チト,智東,ちとう
チナ,茶内,ちゃない
チノ,浅茅野,あさじの
チフ,智恵文,ちえぶん
チホ,智北,ちほく
チヤ,茶志内,ちゃしない
チヨ,千代ヶ岡,ちよがおか
ツオ,月ヶ岡,つきがおか
ツカ,厚賀,あつが
ツキ,石狩月形,いしかりつきがた
ツタ,桂台,かつらだい
ツマ,鶴沼,つるぬま
ツヨ,常豊信号場,つねとよしんごうじょう
ツラ,桂岡,かつらおか
ツル,渡島鶴岡,おしまつるおか
ツル,札弦,さっつる
ツワ,桂川(北海道),かつらがわ
テオ,天塩川温泉,てしおがわおんせん
テカ,摩周,ましゅう
テナ,天塩中川,てしおなかがわ
テネ,手稲,ていね
テマ,天幕,てんまく
テヤ,天塩弥生,てしおやよい
テン,学田,がくでん
トウ,当麻,とうま
トオ,洞爺,とうや
トカ,別当賀,べっとが
トク,新得,しんとく
トサ,遠浅,とあさ
トシ,利別,としべつ
トス,豊清水,とよしみずしんごうじょう
トタ,峠下,とうげした
トツ,徳満,とくみつ
トト,十三里,とみさとしんごうじょう
トト,豊富,とよとみ
トヌ,豊沼,とよぬま
トノ,豊野(北海道),とよの
トヒ,問寒別,といかんべつ
トフ,十弗,とおふつ
トヘ,小利別,しょうとしべつ
トホ,豊幌,とよほろ
トマ,苫小牧,とまこまい
トム,トマム,トマム
トヤ,遠矢,とおや
トヨ,豊住,とよずみ
トラ,幾寅,いくとら
トロ,塘路,とうろ
トン,小頓別,しょうとんべつ
ナア,中愛別,なかあいべつ
ナイ,奈井江,ないえ
ナオ,中興部,なかおこっぺ
ナオ,流山温泉,ながれやまおんせん
ナカ,永山,ながやま
ナコ,中越信号場,なかこししんごうじょう
ナツ,稲士別,いなしべつ
ナト,中頓別,なかとんべつ
ナナ,七飯,ななえ
ナノ,中富良野,なかふらの
ナハ,七重浜,ななえはま
ナフ,中徳富,なかとっぷ
ナヘ,中標津,なかしべつ
ナホ,苗穂,なえぼ
ナヤ,中小屋,なかごや
ナユ,中湧別,なかゆうべつ
ナヨ,中名寄,なかなよろ
ナリ,中斜里,なかしゃり
ナロ,名寄,なよろ
ナワ,中ノ沢,なかのさわ
ニイ,新川(北海道),しんかわ
ニウ,西御料,にしごりょう
ニオ,錦岡,にしきおか
ニカ,西神楽,にしかぐら
ニキ,仁木,にき
ニク,西訓子府,にしくんねっぷ
ニサ,西様似,にしさまに
ニシ,西和田,にしわだ
ニセ,西聖和,にしせいわ
ニセ,ニセコ,ニセコ
ニタ,西歌,にしうた
ニト,西富,にしとみ
ニナ,西中,にしなか
ニナ,西名寄,にしなよろ
ニノ,西の里信号場,にしのさとしんごうじょう
ニノ,二ノ橋,にのはし
ニヒ,西帯広,にしおびひろ
ニフ,新冠,にいかっぷ
ニマ,仁山,にやま
ニミ,西瑞穂,にしみずほ
ニメ,西女満別,にしめまんべつ
ニル,西留辺蘂,にしるべしべ
ニヤ,西早来信号場,にしはやきたしんごうじょう
ニユ,西春別,にししゅんべつ
ニロ,西庶路,にししょろ
ニン,西新得信号場,にししんとくしんごうじょう
ニン,日進(北海道),にっしん
ヌウ,沼牛,ぬまうし
ヌカ,白糠,しらぬか
ヌサ,沼ノ沢,ぬまのさわ
ヌナ,糠南,ぬかなん
ヌノ,布部,ぬのべ
ヌマ,沼ノ上,ぬまのうえ
ヌリ,渡島沼尻,おしまぬまじり
ヌワ,沼川,ぬまかわ
ネイ,恩根内,おんねない
ネシ,根室標津,ねむろしべつ
ネツ,熱郛,ねっぷ
ネム,根室,ねむろ
ノタ,野田生,のだおい
ノツ,野幌,のっぽろ
ノテ,日ノ出,ひので
ノナ,野花南,のかなん
ノノ,愛し野,いとしの
ノフ,信砂,のぶしゃ
ノヘ,幌延,ほろのべ
ノホ,登別,のぼりべつ
ノロ,篠路,しのろ
ハケ,八軒,はちけん
ハコ,函館,はこだて
ハサ,花咲,はなさき
ハシ,一ノ橋,いちのはし
ハタ,沼ノ端,ぬまのはた
ハチ,発寒中央,はっさむちゅうおう
ハツ,抜海,ばっかい
ハテ,新函館北斗,しんはこだてほくと
ハト,浜頓別,はまとんべつ
ハナ,浜中,はまなか
ハノ,萩野,はぎの
ハノ,初野,はつの
ハヘ,箸別,はしべつ
ハマ,浜厚真,はまあつま
ハミ,川上,かわかみ
ハヤ,早来,はやきた
ハユ,川湯温泉,かわゆおんせん
ハヨ,柏陽,はくよう
ハル,春立,はるたち
ヒア,東旭川,ひがしあさひかわ
ヒイ,美瑛,びえい
ヒウ,緋牛内,ひうしない
ヒカ,美深,びふか
ヒキ,平岸(赤平市),ひらぎし
ヒク,東釧路,ひがしくしろ
ヒコ,東鹿越,ひがししかごえ
ヒサ,広郷,ひろさと
ヒシ,美馬牛,びばうし
ヒス,東鶉,ひがしうずら
ヒチ,東町,ひがしちょう
ヒツ,日高三石,ひだかみついし
ヒト,日高東別,ひだかとうべつ
ヒナ,東静内,ひがししずない
ヒネ,東根室,ひがしねむろ
ヒネ,敏音知,ぴんねしり
ヒノ,東相内,ひがしあいのない
ヒハ,美唄,びばい
ヒヒ,美々信号場,びびしんごうじょう
ヒフ,比布,ぴっぷ
ヒヘ,日高幌別,ひだかほろべつ
ヒホ,東幌糠,ひがしほろぬか
ヒム,東室蘭,ひがしむろらん
ヒメ,姫川信号場,ひめかわしんごうじょう
ヒモ,東森,ひがしもり
ヒヤ,東山(北海道),ひがしやま
ヒヨ,東庶路信号場,ひがししょろしんごうじょう
ヒラ,安平,あびら
ヒロ,美幌,びほろ
ヒワ,東滝川信号場,ひがしたきかわしんごうじょう
フウ,名寄高校,なよろこうこう
フエ,絵笛,えふえ
フカ,深川,ふかがわ
フキ,蕗ノ台,ふきのだい
フク,渡島福島,おしまふくしま
フサ,古山,ふるさん
フセ,古瀬,ふるせしんごうじょう
フタ,二股,ふたまた
フミ,近文,ちかぶみ
フヤ,藤山,ふじやま
フレ,風連,ふうれん
フン,志文,しぶん
ヘカ,別海,べっかい
ヘツ,幌別,ほろべつ
ヘホ,別保,べっぽ
ヘワ,平和,へいわ
ホイ,本石倉,ほんいしくら
ホウ,蓬栄,ほうえい
ホク,北星,ほくせい
ホコ,母恋,ぼこい
ホコ,北興,ほっこう
ホシ,星置,ほしおき
ホシ,北光社,ほっこうしゃ
ホナ,幌成,ほろなり
ホヌ,幌糠,ほろぬか
ホノ,上幌延,かみほろのべ
ホヘ,本別,ほんべつ
ホミ,ほしみ,ほしみ
ホミ,穂波,ほなみ
ホリ,下幌成,しもほろなり
ホロ,幌内,ほろない
ホヲ,細岡,ほそおか
マエ,松前(北海道),まつまえ
マカ,曲淵,まがりふち
マク,幕別,まくべつ
マケ,増毛,ましけ
マコ,浜小清水,はまこしみず
マシ,島ノ下信号場,しまのしたしんごうじょう
マセ,丸瀬布,まるせっぷ
マタ,石狩沼田,いしかりぬまた
マツ,黒松内,くろまつない
マト,渡島当別,おしまとうべつ
マニ,様似,さまに
マネ,松音知,まつねしり
マフ,真布,まっぷ
ママ,島松,しままつ
マヤ,釜谷,かまや
マリ,朱鞠内,しゅまりない
マル,円山,まるやま
マレ,稀府,まれっぷ
マン,長万部,おしゃまんべ
ミオ,上雄信内,かみおのっぷない
ミカ,三川(北海道),みかわ
ミカ,南美深,みなみびふか
ミケ,御影(北海道),みかげ
ミコ,上越信号場,かみこししんごうじょう
ミサ,御崎,みさき
ミシ,南下沼,みなみしもぬま
ミス,十勝清水,とかちしみず
ミセ,南千歳,みなみちとせ
ミテ,南弟子屈,みなみてしかが
ミト,上頓別,かみとんべつ
ミナ,南稚内,みなみわっかない
ミネ,峰延,みねのぶ
ミノ,上野幌,かみのっぽろ
ミハ,富川,とみかわ
ミヒ,南比布,みなみぴっぷ
ミフ,南下徳富,みなみしもとっぷ
ミヘ,上芦別,かみあしべつ
ミホ,南幌延,みなみほろのべ
ミミ,南清水沢,みなみしみずさわ
ミム,上芽室信号場,かみめむろしんごうじょう
ミヤ,南永山,みなみながやま
ミラ,富浦(北海道),とみうら
ミリ,緑,みどり
ミロ,上幌加内,かみほろかない
ミワ,上川,かみかわ
ムイ,幌向,ほろむい
ムカ,鵡川,むかわ
ムサ,武佐(北海道),むさ
ムフ,東占冠信号場,ひがししむかっぷしんごうじょう
ムロ,室蘭,むろらん
メク,恵み野,めぐみの
メナ,目名,めな
メマ,女満別,めまんべつ
メム,芽室,めむろ
モイ,神威,かもい
モカ,下中川,しもなかがわ
モキ,下白滝,しもしらたきしんごうじょう
モコ,藻琴,もこと
モシ,茂尻,もしり
モセ,妹背牛,もせうし
モチ,茂辺地,もへじ
モツ,下徳富,しもとっぷ
モト,元紋別,もともんべつ
モナ,本中小屋,もとなかごや
モハ,下川,しもかわ
モヘ,紋別,もんべつ
モホ,紋穂内,もんぽない
モマ,下沼,しもぬま
モユ,文珠,もんじゅ
モリ,森(北海道),もり
モワ,本輪西,もとわにし
モン,門静,もんしず
ヤク,尺別信号場,しゃくべつしんごうじょう
ヤケ,焼山,やけやま
ヤコ,山越,やまこし
ヤス,安牛,やすうし
ヤツ,止別,やむべつ
ヤニ,安国,やすくに
ヤフ,矢文,やぶみ
ヤフ,矢不来信号場,やふらいしんごうじょう
ヤマ,山部,やまべ
ヤモ,常紋信号場,じょうもんしんごうじょう
ヤヨ,弥生(北海道),やよい
ヤリ,南斜里,みなみしゃり
ヤル,山軽,やまがる
ユウ,夕張,ゆうばり
ユサ,湯ノ里,ゆのさと
ユタ,勇足,ゆうたり
ユチ,勇知,ゆうち
ユツ,湧別,ゆうべつ
ユニ,由仁,ゆに
ユノ,湯ノ岱,ゆのたい
ユフ,勇払,ゆうふつ
ユモ,朱文別,しゅもんべつ
ユリ,百合が原,ゆりがはら
ユン,春別,しゅんべつ
ヨイ,吉岡海底,よしおかていてん
ヨオ,渡島吉岡,おしまよしおか
ヨカ,豊ヶ岡,とよがおか
ヨコ,豊頃,とよころ
ヨサ,豊郷(北海道),とよさと
ヨシ,吉堀,よしぼり
ヨツ,北豊津,きたとよつしんごうじょう
ヨハ,清畠,きよはた
ヨヒ,呼人,よびと
ヨラ,豊浦,とようら
ヨロ,庶路,しょろ
ラキ,白滝,しらたき
ラス,浦臼,うらうす
ラタ,旧白滝,きゅうしらたき
ラノ,富良野,ふらの
ラフ,比羅夫,ひらふ
ラヘ,ラベンダー畑,ラベンダーばたけ
ラワ,平野川信号場,ひらのがわしんごうじょう
ラン,蘭留,らんる
リウ,知内,ゆのさとしりうちしんごうじょう
リカ,石狩金沢,いしかりかなざわ
リク,陸別,りくべつ
リコ,森越,もりこし
リチ,新狩勝信号場,しんかりかちしんごうじょう
リマ,掛澗,かかりま
リミ,太美,ふとみ
リン,柏林台,はくりんだい
ルイ,津軽今別,おくつがるいまべつ
ルオ,奥津軽いまべつ,おくつがるいまべつ
ルヘ,留辺蘂,るべしべ
ルモ,留萌,るもい
ルワ,美留和,びるわ
レウ,礼受,れうけ
レン,礼文,れぶん
ロイ,ロイズタウン,ロイズタウン
ロカ,幌加内,ほろかない
ロク,東六線,ひがしろくせん
ロホ,ホロカ信号場,ホロカしんごうじょう
ワオ,オサワ信号場,オサワしんごうじょう
ワカ,稚内,わっかない
ワケ,東追分,ひがしおいわけしんごうじょう
ワサ,和寒,わっさむ
ワシ,鷲ノ巣,わしのすしんごうじょう
ワタ,大和田(北海道),おおわだ
ワナ,長和,ながわ
ワニ,輪西,わにし
ワヘ,鷲別,わしべつ
コシ,児島,こじま
アイ,粟井,あわい
アオ,讃岐相生,さぬきあいおい
アカ,赤星,あかぼし
アク,朝倉(高知),あさくら
アケ,入明,いりあけ
アサ,浅川,あさかわ
アシ,阿波赤石,あわあかいし
アタ,阿波大谷,あわおおたに
アナ,穴吹,あなぶき
アノ,薊野,あぞうの
アヒ,旭(高知),あさひ
アミ,浅海,あさなみ
アヤ,阿波山川,あわやまかわ
アラ,新野(徳島),あらたの
アリ,有井川,ありいがわ
アワ,安和,あわ
アン,阿南,あなん
イイ,石井(徳島),いしい
イエ,家地川,いえぢがわ
イキ,五十崎,いかざき
イケ,阿波池田,あわいけだ
イコ,伊予小松,いよこまつ
イシ,伊予市,いよし
イス,伊予出石,いよいずし
イタ,池谷,いけのたに
イツ,土佐一宮,とさいっく
イノ,伊野,いの
イホ,伊予北条,いよほうじょう
イマ,今治,いまばり
イメ,出目,いずめ
イヤ,祖谷口,いやぐち
イヨ,伊予吉田,いよよしだ
イリ,土佐入野,とさいりの
イワ,伊予石城,いよいわき
ウキ,浮鞭,うきぶち
ウシ,牛島,うしのしま
ウタ,宇多津,うたづ
ウチ,内子,うちこ
ウツ,打井川,うついがわ
ウマ,卯之町,うのまち
ウワ,宇和島,うわじま
エカ,江川崎,えかわさき
エク,江口,えぐち
エリ,襟野々,えりのの
エワ,枝川,えだがわ
エン,円行寺口,えんぎょうじぐち
オウ,大内,おおうち
オエ,西麻植,にしおえ
オオ,大間,おおま
オキ,大杉,おおすぎ
オク,川奥信号場,かわおくしんごうじょう
オコ,多ノ郷,おおのごう
オス,伊予大洲,いよおおず
オケ,大歩危,おおぼけ
オタ,大田口,おおたぐち
オツ,麻植塚,おえづか
オニ,大西,おおにし
オハ,岡花,おかばな
オホ,土佐大津,とさおおつ
オマ,小島,おしま
オム,小村神社前,おむらじんじゃまえ
オラ,大浦,おおうら
オレ,オレンジタウン,オレンジタウン
オン,観音寺(香川),かんおんじ
カイ,海岸寺,かいがんじ
カウ,上宇和,かみうわ
カオ,伊予亀岡,いよかめおか
カク,学,がく
カケ,影野,かげの
カサ,神前(香川),かんざき
カタ,川田,かわた
カナ,荷稲,かいな
カハ,阿波川端,あわかわばた
カフ,海部,かいふ
カマ,高松(香川),たかまつ
カミ,伊予上灘,いよかみなだ
カモ,阿波加茂,あわかも
カワ,土佐上川口,とさかみかわぐち
キイ,北伊予,きたいよ
キウ,北宇和島,きたうわじま
キキ,木岐,きき
キク,菊間,きくま
キタ,喜多灘,きたなだ
キチ,北河内(徳島),きたがわち
キナ,鬼無,きなし
キヤ,喜多山(愛媛),きたやま
キワ,土佐北川,とさきたがわ
クイ,鮎喰,あくい
クサ,日下,くさか
クシ,串,くし
クホ,窪川,くぼかわ
クモ,蔵本,くらもと
クロ,黒川(香川),くろかわ
クワ,桑野,くわの
ケウ,教会前,きょうかいまえ
コウ,府中(徳島),こう
コク,国分(香川),こくぶ
コケ,小歩危,こぼけ
コサ,香西,こうざい
コソ,金蔵寺,こんぞうじ
コチ,高知,こうち
コト,琴平,ことひら
コノ,高野川,こうのかわ
コヨ,光洋台,こうようだい
コロ,五郎,ごろう
コン,金比羅前,こんぴらまえ
サイ,伊予西条,いよさいじょう
サク,伊予桜井,いよさくらい
サコ,佐古,さこ
サタ,讃岐財田,さぬきさいだ
サテ,坂出,さかいで
サハ,鯖瀬,さばせ
サマ,三本松(香川),さんぼんまつ
サミ,貞光,さだみつ
サモ,土佐加茂,とさかも
サレ,土佐久礼,とさくれ
サワ,佐川,さかわ
サン,伊予寒川,いよさんがわ
シイ,塩入,しおいり
シウ,下宇和,しもうわ
シカ,新改,しんがい
シキ,伊予白滝,いよしらたき
シケ,繁藤,しげとう
シセ,土佐新荘,とさしんじょう
シツ,石鎚山,いしづちやま
シト,志度,しど
シハ,土佐白浜,とさしらはま
シモ,下灘,しもなだ
シヤ,讃岐塩屋,さぬきしおや
シラ,下浦,しもうら
シロ,讃岐白鳥,さぬきしろとり
シワ,昭和町(香川),しょうわちょう
シワ,土佐昭和,とさしょうわ
スイ,勝瑞,しょうずい
スキ,須崎,すさき
セキ,関川,せきがわ
セチ,千丈,せんじょう
セン,善通寺,ぜんつうじ
ソオ,吾桑,あそう
ソタ,造田,ぞうだ
タイ,高瀬大坊,たかせだいぼう
タイ,田井ノ浜,たいのはま
タエ,玉之江,たまのえ
タカ,高光,たかみつ
タキ,木太町,きたちょう
タク,詫間,たくま
タシ,土佐大正,とさたいしょう
タセ,高瀬(香川),たかせ
タチ,阿波橘,あわたちばな
タツ,立江,たつえ
タト,多度津,たどつ
タニ,角茂谷,かくもだに
タノ,板野,いたの
タハ,多喜浜,たきはま
タマ,立間,たちま
タミ,立道,たつみち
タワ,伊予立川,いよたちかわ
チシ,高知商業前,こうちしょうぎょうまえ
チソ,地蔵橋,じぞうばし
チテ,中田(徳島),ちゅうでん
チナ,近永,ちかなが
チホ,市坪,いちつぼ
ツク,佃,つくだ
ツシ,辻,つじ
ツタ,讃岐津田,さぬきつだ
ツチ,真土,まつち
ツミ,津島ノ宮,つしまのみや
ツリ,坪尻,つぼじり
ツル,鶴羽,つるわ
トイ,伊予土居,いよどい
トオ,板東,ばんどう
トカ,十川(高知),とおかわ
トキ,鳥ノ木,とりのき
トク,徳島,とくしま
トサ,土佐佐賀,とささが
トタ,伊予富田,いよとみた
トナ,豊永,とよなが
トノ,斗賀野,とがの
トミ,阿波富田,あわとみだ
トヨ,豊浜,とよはま
ナイ,土佐穴内,とさあなない
ナオ,土佐長岡,とさながおか
ナカ,阿波中島,あわなかしま
ナキ,中萩,なかはぎ
ナト,鳴門,なると
ナマ,伊予長浜,いよながはま
ナミ,波方,なみかた
ナム,中村,なかむら
ナヤ,伊予中山,いよなかやま
ナン,阿波海南,あわかいなん
ニイ,仁井田(高知),にいだ
ニケ,二軒屋,にけんや
ニサ,西佐川,にしさかわ
ニシ,西大方,にしおおがた
ニス,西大洲,にしおおず
ニハ,新居浜,にいはま
ニフ,丹生,にぶ
ニホ,西ケ方,にしがほう
ニヤ,新谷,にいや
ニユ,壬生川,にゅうがわ
ニラ,西原(徳島),にしばら
ヌノ,布師田,ぬのしだ
ノエ,川之江,かわのえ
ノタ,伊予宮野下,いよみやのした
ハオ,端岡,はしおか
ハカ,波川,はかわ
ハキ,八多喜,はたき
ハケ,半家,はげ
ハシ,箸蔵,はしくら
ハノ,羽ノ浦,はのうら
ハハ,波止浜,はしはま
ハラ,土佐岩原,とさいわはら
ハル,春賀,はるか
ハン,阿波半田,あわはんだ
ヒケ,引田,ひけた
ヒシ,比地大,ひじだい
ヒノ,伊予平野,いよひらの
ヒミ,伊予氷見,いよひみ
ヒラ,伊予大平,いよおおひら
ヒワ,日和佐,ひわさ
フイ,阿波福井,あわふくい
フカ,深田,ふかた
フタ,二名,ふたな
フチ,讃岐府中,さぬきふちゅう
フモ,文化の森,ぶんかのもり
フル,古高松南,ふるたかまつみなみ
フワ,双岩,ふたいわ
ヘカ,辺川,へがわ
ホエ,堀江,ほりえ
マツ,松山(愛媛),まつやま
マメ,丸亀,まるがめ
マル,松丸,まつまる
ミイ,南伊予,みなみいよ
ミカ,三加茂,みかも
ミコ,南小松島,みなみこまつしま
ミシ,伊予三島,いよみしま
ミツ,三津浜,みつはま
ミナ,三縄,みなわ
ミノ,みの,みの
ミハ,見能林,みのばやし
ミヤ,阿波大宮,あわおおみや
ミヨ,伊予三芳,いよみよし
ミラ,箕浦,みのうら
ムカ,向井原,むかいばら
ムキ,牟岐,むぎ
ムテ,務田,むでん
ムヤ,撫養,むや
ムレ,讃岐牟礼,さぬきむれ
メン,後免,ごめん
モシ,鴨島,かもじま
モト,本山(香川),もとやま
モワ,鴨川,かもがわ
ヤカ,山河内,やまがわち
ヤク,八栗口,やくりぐち
ヤシ,屋島,やしま
ヤセ,山瀬,やませ
ヤソ,八十場,やそば
ヤナ,柳原(愛媛),やなぎはら
ヤニ,山田西町,やまだにしまち
ヤハ,八幡浜,やわたはま
ヤマ,土佐山田,とさやまだ
ユキ,由岐,ゆき
ヨキ,伊与喜,いよき
ヨコ,伊予横田,いよよこた
ヨシ,吉野生,よしのぶ
ヨナ,吉成,よしなり
リツ,栗林,りつりん
リン,栗林公園北口,りつりんこうえんきたぐち
ロク,六反地,ろくたんじ
ワカ,若井,わかい
ワケ,伊予和気,いよわけ
ワチ,阿波川口,あわかわぐち
ワハ,阿波川島,あわかわしま
ワミ,伊予若宮信号場,いよわかみやしんごうじょう
コラ,小倉(福岡),こくら
セキ,下関,しものせき
ハカ,博多,はかた
アイ,相浦,あいのうら
アオ,青井岳,あおいだけ
アカ,赤瀬川信号場,あかせがわしんごうじょう
アカ,赤間,あかま
アカ,赤水,あかみず
アク,阿久根,あくね
アケ,赤池(福岡),あかいけ
アコ,安部山公園,あべやまこうえん
アシ,青島,あおしま
アセ,赤瀬,あかせ
アソ,阿蘇,あそ
アチ,朝地,あさじ
アツ,天津,あまつ
アヒ,旭ケ丘(宮崎),あさひがおか
アマ,天ケ瀬,あまがせ
アム,浅海井,あざむい
アラ,姶良,あいら
アリ,有佐,ありさ
アリ,有田,ありた
イイ,えびの飯野,えびのいいの
イイ,肥前飯田,ひぜんいいだ
イウ,糸島高校前,いとしまこうこうまえ
イカ,伊賀,いが
イカ,市ノ川,いちのかわ
イキ,一貴山,いきさん
イク,今宿,いまじゅく
イケ,池尻,いけじり
イコ,いこいの村,いこいのむら
イコ,志井公園,しいこうえん
イシ,石垣,いしかき
イシ,石田(福岡),いしだ
イス,指宿,いぶすき
イソ,磯光,いそみつ
イタ,田川伊田,たがわいた
イチ,一勝地,いっしょうち
イツ,今津(大分),いまづ
イト,糸田,いとだ
イナ,稲葉崎,いなばざき
イヌ,市布,いちぬの
イヌ,犬飼,いぬかい
イノ,入野(鹿児島),いりの
イハ,諫早,いさはや
イフ,一武,いちぶ
イフ,今福,いまぶく
イホ,一本松(福岡),いっぽんまつ
イヒ,伊比井,いびい
イマ,伊万里,いまり
イマ,薩摩今和泉,さつまいまいずみ
イモ,開聞,かいもん
イヤ,伊賀屋,いがや
イワ,天岩戸,あまのいわと
ウイ,南大分,みなみおおいた
ウエ,植木,うえき
ウキ,日向北方,ひゅうがきたかた
ウコ,運動公園(宮崎),うんどうこうえん
ウサ,宇佐,うさ
ウシ,牛津,うしづ
ウシ,牛ノ浜,うしのはま
ウス,臼井,うすい
ウス,宇宿,うすき
ウタ,石打ダム,いしうちダム
ウタ,神田(長崎),こうだ
ウチ,内之田,うちのだ
ウチ,内牧,うちのまき
ウツ,現川,うつつがわ
ウト,宇土,うと
ウノ,宇島,うのしま
ウハ,うきは,うきは
ウミ,宇美,うみ
ウミ,海浦,うみのうら
ウム,植村,うえむら
ウラ,浦上,うらかみ
ウワ,えびの上江,えびのうわえ
エイ,頴娃,えい
エオ,頴娃大川,えいおおかわ
エタ,枝光,えだみつ
エタ,日向前田,ひゅうがまえだ
エヒ,海老津,えびつ
エヒ,えびの,えびの
エム,江迎鹿町,えむかいしかまち
エメ,前目,まえめ
エラ,恵良,えら
オイ,大分,おおいた
オエ,小江,おえ
オオ,大神,おおが
オオ,大木,おおぎ
オオ,薩摩大口,さつまおおくち
オカ,大川野,おおかわの
オカ,大隅大川原,おおすみおおかわら
オカ,上岡,かみおか
オキ,小城,おぎ
オク,大隈,おおくま
オコ,大畑,おこば
オコ,折生迫,おりゅうざこ
オセ,鬼瀬,おにがせ
オタ,網田,おうだ
オタ,緒方,おがた
オチ,相知,おうち
オツ,肥後大津,ひごおおづ
オツ,日向大束,ひゅうがおおつか
オナ,大隅夏井,おおすみなつい
オニ,鬼塚,おにづか
オノ,大野下,おおのしも
オノ,大野城,おおのじょう
オノ,小野屋,おのや
オハ,小波瀬西工大前,おばせにしこうだいまえ
オヒ,飫肥,おび
オマ,大分大学前,おおいただいがくまえ
オマ,大町(佐賀),おおまち
オム,大牟田,おおむた
オヤ,大山(鹿児島),おおやま
オラ,肥前大浦,ひぜんおおうら
オリ,折尾,おりお
オル,大鶴,おおつる
オワ,小川(熊本),おがわ
オン,遠賀川,おんががわ
カア,上有田,かみありた
カイ,皆瀬,かいぜ
カイ,上伊集院,かみいじゅういん
カウ,上臼杵,かみうすき
カオ,鹿児島中央,かごしまちゅうおう
カカ,香椎神宮,かしいじんぐう
カキ,賀来,かく
カケ,金武,かなたけ
カコ,鹿児島,かごしま
カサ,亀ヶ崎,かめがさき
カサ,上佐々,かみさざ
カサ,東高崎,ひがしたかさき
カシ,香椎,かしい
カシ,門石信号場,かどいししんごうじょう
カス,春日(福岡),かすが
カス,長洲,ながす
カタ,上田浦,かみたのうら
カチ,海路,かいじ
カチ,加治木,かじき
カツ,勝野,かつの
カト,酒殿,さかど
カナ,金田,かなだ
カネ,勾金,まがりかね
カノ,加納(宮崎),かのう
カハ,香春,かわら
カヒ,海崎,かいざき
カフ,加布里,かふり
カマ,影待,かげまち
カマ,鎌瀬,かませ
カマ,中間,なかま
カミ,上熊本,かみくまもと
カミ,上崎,かみざき
カミ,神村学園前,かみむらがくえんまえ
カメ,亀川,かめがわ
カヤ,上山田,かみやまだ
カユ,歓遊舎ひこさん,かんゆうしゃひこさん
カラ,唐津,からつ
カリ,苅田,かんだ
カル,川水流,かわずる
カレ,嘉例川,かれいがわ
カワ,川尻,かわしり
カワ,川原木信号場,かわらぎしんごうじょう
カン,神埼,かんざき
キイ,喜入,きいれ
キウ,厳木,きゅうらぎ
キキ,喜々津,ききつ
キコ,錦江,きんこう
キサ,北佐世保,きたさせぼ
キセ,球泉洞,きゅうせんどう
キタ,北方(佐賀),きたがた
キタ,北郷,きたごう
キチ,霧島温泉,きりしまおんせん
キチ,引治,ひきじ
キト,城戸南蔵院前,きどなんぞういんまえ
キナ,北永野田,きたながのだ
キノ,北延岡,きたのべおか
キノ,木上,きのえ
キマ,教育大前,きょういくだいまえ
キマ,北俣,きたまた
キヤ,北山田(大分),きたやまだ
キヤ,基山,きやま
キヨ,京町温泉,きょうまちおんせん
キリ,霧島神宮,きりしまじんぐう
キワ,北川,きたがわ
キン,銀水,ぎんすい
クウ,福工大前,ふっこうだいまえ
クオ,楠ヶ丘信号場,くすがおかしんごうじょう
クキ,久木野,くぎの
クキ,熊崎,くまさき
クコ,久留米高校前,くるめこうこうまえ
クサ,大草,おおくさ
クサ,草道,くさみち
クシ,小串郷,おぐしごう
クシ,串木野,くしきの
クス,楠久,くすく
クセ,筑前庄内,ちくぜんしょうない
クチ,谷之口,たにのくち
クツ,日向沓掛,ひゅうがくつかけ
クノ,隈之城,くまのじょう
クハ,久原,くばら
クホ,久保田(佐賀),くぼた
クマ,熊ヶ畑,くまがはた
クマ,熊本,くまもと
クミ,朽網,くさみ
クミ,津久見,つくみ
クラ,鞍手,くらて
クラ,肥後伊倉,ひごいくら
クリ,栗野,くりの
クル,久留米,くるめ
クロ,黒崎,くろさき
ケイ,桂川(福岡),けいせん
ケオ,武雄温泉,たけおおんせん
ケタ,豊後竹田,ぶんごたけた
ケナ,竹中,たけなか
ケマ,竹松,たけまつ
ケヤ,けやき台,けやきだい
コイ,五位野,ごいの
コウ,高田(長崎),こうだ
コウ,小浦(長崎),こうら
コオ,幸崎,こうざき
コオ,郡元,こおりもと
コカ,古賀,こが
コク,国分(鹿児島),こくぶ
コク,暘谷,ようこく
コケ,小竹,こたけ
コタ,肥後高田,ひごこうだ
コト,田川後藤寺,たがわごとうじ
コナ,小長井,こながい
コネ,槇峰,まきみね
コノ,木葉,このは
コハ,小林(宮崎),こばやし
コマ,九州工大前,きゅうしゅうこうだいまえ
コマ,駒鳴,こまなき
コマ,崇城大学前,そうじょうだいがくまえ
コミ,小内海,こうちうみ
コミ,吾味,ごみ
コメ,米ノ津,こめのつ
コモ,子供の国,こどものくに
コモ,小森江,こもりえ
コヤ,郡山八幡,こおりやまはちまん
コヤ,筑後船小屋,ちくごふなごや
サイ,大在,おおざい
サイ,西戸崎,さいとざき
サイ,薩摩板敷,さつまいたしき
サウ,佐志生,さしう
サオ,薩摩大川,さつまおおかわ
サカ,佐賀,さが
サキ,長崎,ながさき
サク,篠栗,ささぐり
サコ,財光寺,ざいこうじ
ササ,佐々,さざ
サシ,佐敷,さしき
サス,柚須,ゆす
サチ,坂ノ市,さかのいち
サト,里信号場,さとしんごうじょう
サト,西里,にしさと
サノ,坂之上,さかのうえ
サヒ,肥前旭,ひぜんあさひ
サホ,佐世保,させぼ
サマ,九産大前,きゅうさんだいまえ
サヤ,崎山,さきやま
サラ,佐土原,さどわら
サリ,佐里,さり
サル,笹原,ささばる
サワ,犀川,さいがわ
サン,三里木,さんりぎ
サン,彦山,ひこさん
シウ,志井,しい
シウ,伊集院,いじゅういん
シウ,新入,しんにゅう
シオ,重岡,しげおか
シカ,鹿家,しかか
シカ,慈眼寺,じげんじ
シキ,敷戸,しきど
シク,蔵宿,ぞうしゅく
シケ,重富,しげとみ
シコ,下郡信号場,しもごおりしんごうじょう
シコ,西小倉,にしこくら
シサ,白沢(鹿児島),しらさわ
シシ,志布志,しぶし
シス,出水,いずみ
シセ,新水前寺,しんすいぜんじ
シソ,下曽根,しもそね
シタ,椎田,しいだ
シタ,新玉名,しんたまな
シチ,新宮中央,しんぐうちゅうおう
シツ,新飯塚,しんいいづか
シト,下山門,しもやまと
シノ,下ノ江,したのえ
シノ,吉野(福岡),よしの
シハ,陣原,じんのはる
シフ,ししぶ,ししぶ
シマ,串間,くしま
シミ,新水俣,しんみなまた
シム,新大牟田,しんおおむた
シモ,下山田,しもやまだ
シヤ,薩摩塩屋,さつましおや
シヨ,採銅所,さいどうしょ
シヨ,日向庄内,ひゅうがしょうない
シル,新田原,しんでんばる
シロ,白石(熊本),しろいし
シロ,肥前白石,ひぜんしろいし
シン,新原,しんばる
スイ,水前寺,すいぜんじ
スエ,須恵,すえ
スオ,菅尾,すがお
スカ,杉河内,すぎかわち
スキ,臼杵,うすき
スセ,周船寺,すせんじ
スチ,須恵中央,すえちゅうおう
スヘ,スペースワールド,スペースワールド
スミ,住吉(熊本),すみよし
スワ,諏訪,すわ
セイ,川内(鹿児島),せんだい
セイ,清峰高校前,せいほうこうこうまえ
セカ,瀬高,せたか
セク,肥前久保,ひぜんくぼ
セコ,肥前古賀,ひぜんこが
セセ,瀬々串,せせくし
セセ,豊前善光寺,ぶぜんぜんこうじ
セタ,瀬田(熊本),せた
セト,瀬戸石,せといし
セミ,肥前三川信号場,ひぜんみかわしんごうじょう
セリ,潜竜ヶ滝,せんりゅうがたき
セン,千丁,せんちょう
セン,善導寺,ぜんどうじ
ソエ,添田,そえだ
ソキ,曽木,そき
ソサ,曽山寺,そさんじ
ソタ,宗太郎,そうたろう
ソチ,五十市,いそいち
ソノ,彼杵,そのぎ
タイ,大行司,だいぎょうじ
タウ,高城,たかじょう
タエ,波多江,はたえ
タカ,高尾野,たかおの
タキ,薩摩高城,さつまたき
タキ,滝尾,たきお
タキ,滝水,たきみず
タケ,竹下,たけした
タサ,高崎新田,たかさきしんでん
タシ,田代,たしろ
タツ,多久,たく
タツ,竜田口,たつたぐち
タテ,立石,たていし
タテ,立野(熊本),たての
タト,大塔,だいとう
タナ,川棚,かわたな
タニ,谷頭,たにがしら
タノ,田野(宮崎),たの
タハ,高原,たかはる
タヒ,東田平,ひがしたびら
タフ,筑前大分,ちくぜんだいぶ
タマ,玉名,たまな
タマ,天神山,てんじんやま
タマ,福島高松,ふくしまたかまつ
タヤ,谷山(鹿児島),たにやま
タヨ,田吉,たよし
タラ,多良,たら
タラ,多良木,たらぎ
タリ,渡,わたり
タン,段,だん
チア,千早,ちはや
チイ,筑前岩屋,ちくぜんいわや
チエ,筑前山家,ちくぜんやまえ
チキ,市来,いちき
チク,筑前植木,ちくぜんうえき
チサ,筑後草野,ちくごくさの
チタ,市棚,いちたな
チチ,筑前内野,ちくぜんうちの
チト,千鳥,ちどり
チハ,長者原,ちょうじゃばる
チフ,筑前深江,ちくぜんふかえ
チホ,高千穂,たかちほ
チマ,筑前前原,ちくぜんまえばる
チミ,内海(宮崎),うちうみ
チミ,筑前宮田,ちくぜんみやだ
チヤ,木場茶屋,こばんちゃや
チヨ,筑後吉井,ちくごよしい
チワ,千綿,ちわた
ツイ,築城,ついき
ツカ,飯塚,いいづか
ツキ,杵築,きつき
ツキ,調川,つきのかわ
ツナ,津奈木,つなぎ
ツノ,都農,つの
ツミ,中泉,なかいずみ
ツル,鶴崎,つるさき
テイ,天拝山,てんぱいざん
テウ,帖佐,ちょうさ
テル,光岡,てるおか
テン,天道,てんとう
トイ,土井,どい
トウ,東郷,とうごう
トカ,奥洞海,おくどうかい
トカ,東海学園前,とうかいがくえんまえ
トサ,土井崎信号場,どいざきしんごうじょう
トシ,九大学研都市,きゅうだいがっけんとし
トス,鳥栖,とす
トツ,大堂津,おおどうつ
トト,土々呂,ととろ
トハ,戸畑,とばた
トマ,門松,かどまつ
トミ,富合,とみあい
トヨ,豊津(福岡),とよつ
トロ,都府楼南,とふろうみなみ
トワ,門川,かどがわ
ナイ,日向長井,ひゅうがながい
ナウ,南郷,なんごう
ナオ,永尾,ながお
ナカ,直川,なおかわ
ナカ,中原,なかばる
ナカ,中名,なかみょう
ナク,中多久,なかたく
ナサ,中里(長崎),なかざと
ナセ,中佐世保,なかさせぼ
ナタ,奈多,なた
ナツ,中津(大分),なかつ
ナト,長里,ながさと
ナナ,肥前七浦,ひぜんななうら
ナノ,肥前長野,ひぜんながの
ナハ,中判田,なかはんだ
ナフ,中福良,なかふくら
ナヘ,高鍋,たかなべ
ナヘ,鍋島,なべしま
ナマ,鯰田,なまずた
ナミ,海ノ中道,うみのなかみち
ナミ,直見,なおみ
ナミ,波野,なみの
ナム,豊後中村,ぶんごなかむら
ナヨ,長与,ながよ
ナラ,那良口,ならぐち
ニウ,大入,だいにゅう
ニエ,西頴娃,にしえい
ニオ,西大分,にしおおいた
ニオ,西大山,にしおおやま
ニカ,西方,にしかた
ニキ,西屋敷,にしやしき
ニク,二月田,にがつでん
ニコ,西都城,にしみやこのじょう
ニシ,西唐津,にしからつ
ニソ,西添田,にしそえだ
ニチ,西相知,にしおうち
ニト,新鳥栖,しんとす
ニナ,日南,にちなん
ニハ,西諫早,にしいさはや
ニヒ,西菱刈,にしひしかり
ニヘ,西延岡,にしのべおか
ニマ,西鹿児島,にしかごしま
ニミ,西出水,にしいずみ
ニモ,西熊本,にしくまもと
ニム,西牟田,にしむた
ニヤ,西山野,にしやまの
ニヨ,西人吉,にしひとよし
ニラ,虹ノ松原,にじのまつばら
ヌク,生見,ぬくみ
ヌシ,田主丸,たぬしまる
ノウ,直方,のおがた
ノカ,南延岡,みなみのべおか
ノキ,藤ノ木,ふじのき
ノス,雁ノ巣,がんのす
ノタ,野田郷,のだごう
ノヘ,延岡,のべおか
ノヤ,野矢,のや
ハイ,早岐,はいき
ハエ,南風崎,はえのさき
ハキ,葉木,はき
ハキ,吐合,はきあい
ハキ,箱崎,はこざき
ハク,食と緑博覧会,しょくとみどりはくらんかい
ハサ,浜崎,はまさき
ハシ,高橋,たかはし
ハス,蓮ケ池,はすがいけ
ハタ,波多浦,はたうら
ハテ,ハウステンボス,ハウステンボス
ハト,隼人,はやと
ハナ,木花,きばな
ハヌ,羽犬塚,はいぬづか
ハヒ,早日渡,はやひと
ハフ,筑前垣生,ちくぜんはぶ
ハマ,肥後長浜,ひごながはま
ハマ,肥前浜,ひぜんはま
ハラ,金石原,かないしはら
ハラ,原水,はらみず
ハル,田原坂,たばるざか
ハル,原田(福岡),はるだ
ヒイ,東諫早,ひがしいさはや
ヒイ,東市来,ひがしいちき
ヒウ,日宇,ひう
ヒカ,東開聞,ひがしかいもん
ヒカ,東川崎,ひがしかわさき
ヒカ,肥前鹿島,ひぜんかしま
ヒカ,日向市,ひゅうがし
ヒキ,表木山,ひょうきやま
ヒク,東多久,ひがしたく
ヒケ,高千穂鉄道,たかちほてつどう
ヒシ,菱刈,ひしかり
ヒシ,日代,ひしろ
ヒソ,東園,ひがしその
ヒタ,東多良木,ひがしたらぎ
ヒタ,日田,ひた
ヒチ,日出,ひじ
ヒツ,東都農,ひがしつの
ヒツ,平恒,ひらつね
ヒト,人吉,ひとよし
ヒナ,東中津,ひがしなかつ
ヒナ,肥前長田,ひぜんながた
ヒナ,日当山,ひなたやま
ヒフ,東福間,ひがしふくま
ヒヘ,東別府,ひがしべっぷ
ヒマ,東水巻,ひがしみずまき
ヒミ,東水俣,ひがしみなまた
ヒミ,肥前御厨,ひぜんみくりや
ヒミ,日向新富,ひゅうがしんとみ
ヒメ,東免田,ひがしめんだ
ヒモ,光の森,ひかりのもり
ヒモ,日向岡元,ひゅうがおかもと
ヒヨ,肥前吉井,ひぜんよしい
ヒヨ,日向住吉,ひゅうがすみよし
ヒラ,肥後田浦,ひごたのうら
ヒラ,平川,ひらかわ
ヒラ,たびら平戸口,たびらひらとぐち
ヒリ,左石,ひだりいし
フイ,福島今町,ふくしまいままち
フオ,豊前大熊,ぶぜんおおくま
フオ,豊後荻,ぶんごおぎ
フカ,深角,ふかすみ
フカ,豊前川崎,ぶぜんかわさき
フキ,豊後清川,ぶんごきよかわ
フク,福間,ふくま
フケ,薩摩布計,さつまふけ
フコ,豊後国分,ぶんごこくぶ
フシ,太宰府信号場,だざいふしんごうじょう
フタ,肥後二見,ひごふたみ
フタ,二島,ふたじま
フツ,二日市,ふつかいち
フト,豊後豊岡,ぶんごとよおか
フナ,豊前長洲,ぶぜんながす
フナ,船尾,ふなお
フハ,豊後中川,ぶんごなかがわ
フミ,豊後三芳,ぶんごみよし
フモ,肥前麓,ひぜんふもと
フモ,豊後森,ぶんごもり
フヨ,福吉,ふくよし
フル,古国府,ふるごう
フロ,袋(熊本),ふくろ
フワ,肥後深川,ひごふかがわ
ヘキ,佐伯,さいき
ヘク,別府大学,べっぷだいがく
ヘセ,平成,へいせい
ヘフ,別府(大分),べっぷ
ホイ,筑後大石,ちくごおおいし
ホカ,本川内,ほんかわち
ホシ,糒,ほしい
ホナ,上穂波,かみほなみ
ホミ,細見,ほそみ
ホム,本牟田部,ほんむたべ
ホユ,宝珠山,ほうしゅやま
ホン,本城,ほんじょう
マウ,松浦,まつうら
マエ,前之浜,まえのはま
マキ,牧(大分),まき
マク,枕崎,まくらざき
マコ,浜小倉,はまこくら
マサ,真崎(福岡),まさき
マサ,真幸,まさき
マサ,真申,まさる
マス,豊前桝田,ぶぜんますだ
マタ,三股,みまた
マチ,原町,はるまち
マツ,松ケ浦,まつがうら
マツ,松橋,まつばせ
マツ,松原(長崎),まつばら
マノ,山野,やまの
ママ,舞松原,まいまつばら
マヤ,今山,いまやま
マリ,上伊万里,かみいまり
マル,鶴丸,つるまる
マワ,山川,やまかわ
マン,万ケ塚,まんがつか
ミア,上相浦,かみあいのうら
ミア,南荒尾,みなみあらお
ミイ,御井,みい
ミウ,宮崎神宮,みやざきじんぐう
ミエ,美咲が丘,みさきがおか
ミオ,上三緒,かみみお
ミカ,三河内,みかわち
ミカ,緑川,みどりかわ
ミカ,南鹿児島,みなみかごしま
ミカ,南日向,みなみひゅうが
ミキ,水城,みずき
ミキ,南霧島信号場,みなみきりしましんごうじょう
ミク,宮崎空港,みやざきくうこう
ミク,御厨(長崎),みくりや
ミケ,三毛門,みけかど
ミコ,南小倉,みなみこくら
ミサ,宮崎,みやざき
ミス,水巻,みずまき
ミス,三角,みすみ
ミセ,南瀬高,みなみせたか
ミタ,南方(宮崎),みなみかた
ミチ,道ノ尾,みちのお
ミナ,水俣,みなまた
ミフ,南福岡,みなみふくおか
ミフ,南由布,みなみゆふ
ミヘ,三重町,みえまち
ミマ,三間坂,みまさか
ミミ,美々津,みみつ
ミモ,南熊本,みなみくまもと
ミヤ,宮ケ浜,みやがはま
ミヤ,宮地,みやじ
ミユ,南行橋,みなみゆくはし
ミリ,水成川,みずなりかわ
ムカ,向之原,むかいのはる
ムサ,武蔵塚,むさしづか
ムハ,行縢,むかばき
ムラ,大村(長崎),おおむら
ムラ,肥後西村,ひごにしのむら
メイ,姪浜,めいのはま
メオ,夫婦石,めおといし
モカ,下鴨生,しもかもお
モコ,門司港,もじこう
モシ,門司,もじ
モト,坂本(熊本),さかもと
モト,薩摩松元,さつままつもと
モハ,餅原,もちばる
モモ,桃川,もものかわ
ヤカ,中山香,なかやまが
ヤキ,南宮崎,みなみみやざき
ヤク,山之口,やまのくち
ヤケ,矢岳,やたけ
ヤコ,都城,みやこのじょう
ヤシ,西小林,にしこばやし
ヤシ,東山代,ひがしやましろ
ヤタ,八幡(福岡),やはた
ヤツ,八代,やつしろ
ヤテ,筑前山手,ちくぜんやまて
ヤト,日向八戸,ひゅうがやと
ヤナ,柳ケ浦,やなぎがうら
ヤマ,肥前山口,こうほく
ヤモ,山本(佐賀),やまもと
ヤヨ,弥生が丘,やよいがおか
ヤロ,新八代,しんやつしろ
ユエ,湯江,ゆえ
ユオ,湯之尾,ゆのお
ユク,行橋,ゆくはし
ユス,油須原,ゆすばる
ユノ,湯之元,ゆのもと
ユヒ,湯平,ゆのひら
ユフ,由布院,ゆふいん
ユマ,湯前,ゆのまえ
ユラ,湯浦,ゆのうら
ヨア,夜明,よあけ
ヨエ,豊前松江,ぶぜんしょうえ
ヨケ,清武,きよたけ
ヨコ,大隅横川,おおすみよこがわ
ヨシ,吉尾,よしお
ヨシ,吉塚,よしづか
ヨシ,吉井(長崎),よしい
ヨト,吉富(福岡),よしとみ
ヨナ,庄内(大分),しょうない
ヨノ,城野,じょうの
ヨハ,榎原,よわら
ヨフ,呼野,よぶの
ヨマ,吉松,よしまつ
ヨリ,吉野ケ里公園,よしのがりこうえん
ライ,玉来,たまらい
ラオ,荒尾(熊本),あらお
ラカ,西浦上,にしうらかみ
ラキ,荒木,あらき
ラサ,浦ノ崎,うらのさき
ラタ,浦田(福岡),うらた
ラツ,油津,あぶらつ
ラツ,東唐津,ひがしからつ
ラヘ,財部,たからべ
ラマ,石原町,いしはらまち
リウ,狩生,かりう
リウ,肥前竜王,ひぜんりゅうおう
リウ,竜ケ水,りゅうがみず
リク,折口,おりぐち
リヨ,御領(鹿児島),ごりょう
ルマ,久留米大学前,くるめだいがくまえ
ルメ,南久留米,みなみくるめ
ルン,バルーンさが,バルーンさが
ロウ,九郎原,くろうばる
ロキ,広木,ひろき
ロワ,広原,ひろわら
ワカ,若松,わかまつ
ワシ,和白,わじろ
ワセ,深渡瀬,ふかわたせ
ワタ,渡瀬(福岡),わたぜ
ワタ,和多田,わただ
ワマ,岩松,いわまつ
ワミ,川南,かわみなみ
ワム,川村(熊本),かわむら
ワヤ,岩屋(佐賀),いわや
ワリ,薩摩川尻,さつまかわしり
アオ,青山町,あおやまちょう
アカ,志摩赤崎,しまあかさき
アカメ,赤目口,あかめぐち
アクラ,阿倉川,あくらがわ
アケノ,明野,あけの
アサク,大和朝倉,やまとあさくら
アサヒ,伊勢朝日,いせあさひ
アサマ,朝熊,あさま
アスカ,飛鳥,あすか
アタ,大阿太,おおあだ
アナ,穴川,あながわ
アヘ,大阪阿部野橋,おおさかあべのばし
アマ,尼ヶ辻,あまがつじ
アミ,河内天美,かわちあまみ
アヤ,菖蒲池,あやめいけ
アラモ,荒本,あらもと
アント,安堂,あんどう
イオ,市尾,いちお
イケ,池の浦,いけのうら
イケノ,池野,いけの
イケヘ,池部,いけべ
イコ,生駒,いこま
イコサ,生駒山上,いこまさんじょう
イシ,石切,いしきり
イシツ,石津,いしづ
イス,五十鈴川,いすずがわ
イセ,伊勢市,いせし
イセタ,伊勢田,いせだ
イソ,志摩磯部,しまいそべ
イソヤ,磯山,いそやま
イタ,猪田道,いだみち
イチフ,一分,いちぶ
イチヘ,市部,いちべ
イナ,依那古,いなこ
イヒ,揖斐,いび
イマ,今川,いまがわ
イマサ,今里,いまざと
イワキ,磐城,いわき
イワミ,石見,いわみ
ウエ,上本町,うえほんまち
ウエハ,上林,うえばやし
ウカ,鵜方,うがた
ウキア,浮孔,うきあな
ウツ,内部,うつべ
ウネヒ,畝傍御陵前,うねびごりょうまえ
ウノ,上野市,うえのし
ウメ,梅屋敷,うめやしき
ウヤ,宇治山田,うじやまだ
エイワ,河内永和,かわちえいわ
エカノ,恵我ノ荘,えがのしょう
エト,江戸橋,えどばし
オウ,王寺,おうじ
オカ,岡寺,おかでら
オキタ,大阪教育大前,おおさかきょういくだいまえ
オク,小倉,おぐら
オクホ,大久保,おおくぼ
オコソ,小古曽,おごそ
オシミ,忍海,おしみ
オトハ,大外羽,おおとば
オハタ,小俣,おばた
オハネ,大羽根園,おおばねえん
オミ,大三,おおみつ
オミヤ,新大宮,しんおおみや
オワケ,追分,おいわけ
オワタ,大輪田,おおわだ
オンチ,恩智,おんぢ
カキ,大垣,おおがき
カク,学園前,がくえんまえ
カコ,賢島,かしこじま
カサヌ,笠縫,かさぬい
カシ,橿原神宮前,かしはらじんぐうまえ
カシニ,橿原神宮西口,かしはらじんぐうにしぐち
カス,霞ヶ丘,かすみがおか
カスミ,霞ヶ浦,かすみがうら
カスモ,烏森,からすもり
カタ,堅下,かたしも
カニ,近鉄蟹江,きんてつかにえ
カヘ,伊賀神戸,いがかんべ
カミコ,上之郷,かみのごう
カミト,上鳥羽口,かみとばぐち
カモ,加茂,かも
カヤ,茅町,かやまち
カラス,烏江,からすえ
カワイ,川合高岡,かわいたかおか
カワシ,伊勢川島,いせかわしま
カワニ,川西,かわにし
カワラ,川原町,かわらまち
キイケ,北池野,きたいけの
キカキ,北大垣,きたおおがき
キキヨ,桔梗が丘,ききょうがおか
キクス,北楠,きたくす
キコト,北神戸,きたごうど
キシ,喜志,きし
キタヘ,北田辺,きたたなべ
キツカ,木津川台,きづがわだい
キト,京都,きょうと
キユホ,久宝寺口,きゅうほうじぐち
クカケ,沓掛,くつかけ
クシタ,櫛田,くしだ
クシヨ,九条,くじょう
クス,楠,くす
クスリ,薬水,くすりみず
クツ,葛,くず
クツカ,久津川,くつかわ
クロタ,黒田,くろだ
クワ,桑名,くわな
クワマ,桑町,くわまち
コイ,五位堂,ごいどう
コイシ,漕代,こいしろ
コウト,興戸,こうど
コカネ,黄金,こがね
コク,河内国分,かわちこくぶ
コサ,河内小阪,かわちこさか
コシ,越部,こしべ
コセ,近鉄御所,きんてつごせ
コチ,五知,ごち
コツ,伊賀上津,いがこうづ
コト,広神戸,ひろごうど
コホレ,河堀口,こぼれぐち
コマ,駒ヶ谷,こまがたに
コマタ,狛田,こまだ
コマノ,駒野,こまの
コメ,米野,こめの
コモ,菰野,こもの
コリ,近鉄郡山,きんてつこおりやま
サイ,大和西大寺,やまとさいだいじ
サイク,斎宮,さいくう
サカ,榊原温泉口,さかきばらおんせんぐち
サクラ,桜,さくら
サコキ,佐古木,さこぎ
サミタ,佐味田川,さみたがわ
サラ,桜井,さくらい
サンホ,三本松,さんぼんまつ
シイ,新石切,しんいしきり
シウ,十条,じゅうじょう
シオ,塩浜,しおはま
シオウ,新王寺,しんおうじ
シオノ,汐ノ宮,しおのみや
シキ,信貴山口,しぎさんぐち
シサタ,信貴山下,しぎさんした
シト,尺土,しゃくど
シモ,下市口,しもいちぐち
シモタ,近鉄下田,きんてつしもだ
シユン,俊徳道,しゅんとくみち
シラ,白塚,しらつか
シラキ,白木,しらき
シロ,白子,しろこ
シン,近鉄新庄,きんてつしんじょう
シンシ,新正,しんしょう
シンメ,志摩神明,しましんめい
スシ,鈴鹿市,すずかし
セキヤ,関屋,せきや
セヤ,勢野北口,せやきたぐち
セン,前栽,せんざい
タイシ,上ノ太子,かみのたいし
タイフ,大福,だいふく
タイマ,当麻寺,たいまでら
タカ,高田市,たかだし
タカツ,高角,たかつの
タカホ,高田本山,たかだほんざん
タカミ,高見ノ里,たかみのさと
タカワ,高鷲,たかわし
タケタ,竹田,たけだ
タシマ,但馬,たじま
タタ,大和高田,やまとたかだ
タツタ,竜田川,たつたがわ
タト,多度,たど
タナ,新田辺,しんたなべ
タハ,高の原,たかのはら
タヤ,高安,たかやす
タヤマ,高安山,たかやすやま
タワ,田原本,たわらもと
タン,近鉄丹波橋,きんてつたんばばし
チサト,千里,ちさと
チヨ,千代崎,ちよざき
ツ,津,つ
ツキヤ,築山,つきやま
ツシ,津新町,つしんまち
ツツイ,筒井,つつい
ツツミ,鼓ヶ浦,つづみがうら
ツホ,壷阪山,つぼさかやま
ツヤ,美濃津屋,みのつや
ツル,鶴橋,つるはし
テラタ,寺田,てらだ
テリ,天理,てんり
トウ,道明寺,どうみょうじ
トウシ,東寺,とうじ
トシ,富吉,とみよし
トタ,戸田,とだ
トノシ,富野荘,とのしょう
トハ,鳥羽,とば
トマリ,泊,とまり
トミオ,富雄,とみお
トミス,富洲原,とみすはら
トミタ,近鉄富田,きんてつとみだ
トモエ,友江,ともえ
トヨ,豊津上野,とよつうえの
トリ,鳥居前,とりいまえ
トン,富田林,とんだばやし
トンニ,富田林西口,とんだばやしにしぐち
ナカ,伊勢中川,いせなかがわ
ナカコ,中之郷,なかのごう
ナカシ,近鉄長島,きんてつながしま
ナカセ,長瀬,ながせ
ナカハ,伊勢中原,いせなかはら
ナコ,近鉄名古屋,きんてつなごや
ナコノ,長太ノ浦,なごのうら
ナコモ,中菰野,なかこもの
ナタ,長田,ながた
ナノ,河内長野,かわちながの
ナハ,名張,なばり
ナハタ,菜畑,なばた
ナハラ,中川原,なかがわら
ナラ,近鉄奈良,きんてつなら
ナン,近鉄難波,きんてつなんば
ニア,西青山,にしあおやま
ニイ,新居,にい
ニオテ,西大手,にしおおて
ニカ,西大垣,にしおおがき
ニキヨ,西ノ京,にしのきょう
ニクチ,二上神社口,にじょうじんじゃぐち
ニシヨ,二上,にじょう
ニタモ,西田原本,にしたわらもと
ニト,二階堂,にかいどう
ニノ,新ノ口,にのくち
ニヒノ,西日野,にしひの
ニホン,近鉄日本橋,きんてつにっぽんばし
ニヤ,二上山,にじょうざん
ヌカタ,額田,ぬかた
ヌノセ,布忍,ぬのせ
ノシロ,下野代,しものしろ
ハイ,榛原,はいばら
ハキノ,萩の台,はぎのだい
ハシ,伊勢石橋,いせいしばし
ハシオ,箸尾,はしお
ハシノ,土師ノ里,はじのさと
ハセ,長谷寺,はせでら
ハタ,近鉄八田,きんてつはった
ハトリ,服部川,はっとりがわ
ハナ,河内花園,かわちはなぞの
ハリナ,針中野,はりなかの
ハリマ,播磨,はりま
ヒア,東青山,ひがしあおやま
ヒアカ,東赤坂,ひがしあかさか
ヒコ,東生駒,ひがしいこま
ヒサイ,久居,ひさい
ヒタ,平田町,ひらたちょう
ヒト,比土,ひど
ヒナカ,日永,ひなが
ヒハ,東花園,ひがしはなぞの
ヒマサ,東松阪,ひがしまつさか
ヒヤマ,東山,ひがしやま
ヒヨ,瓢箪山,ひょうたんやま
ヒラ,平端,ひらはた
ヒラオ,枚岡,ひらおか
ヒロ,広小路,ひろこうじ
フアミ,ファミリー公園前,ふぁみりーこうえんまえ
フカ,福神,ふくがみ
フカヤ,下深谷,しもふかや
フシミ,伏見,ふしみ
フシヤ,伏屋,ふしや
フセ,布施,ふせ
フチ,藤井寺,ふじいでら
フト,滝谷不動,たきたにふどう
フナツ,船津,ふなつ
フル,古市,ふるいち
ヘイ,平城,へいじょう
ヘク,平群,へぐり
ヘノ,伊賀上野,いがうえの
ホウシ,坊城,ぼうじょう
ホウセ,法善寺,ほうぜんじ
ホサ,宝山寺,ほうざんじ
ホソノ,新祝園,しんほうその
ホリ,赤堀,あかほり
マサ,松阪,まつさか
マサキ,松ヶ崎,まつがさき
マスオ,益生,ますお
マスカ,真菅,ますが
マツオ,松尾,まつお
マツツ,松塚,まつづか
マツモ,伊勢松本,いせまつもと
マハ,河内松原,かわちまつばら
マル,丸山,まるやま
ミイコ,南生駒,みなみいこま
ミオカ,南が丘,みなみがおか
ミタ,箕田,みだ
ミチ,宮町,みやまち
ミツカ,三日市,みっかいち
ミト,弥刀,みと
ミノタ,美濃高田,みのたかだ
ミハタ,美旗,みはた
ミヒナ,南日永,みなみひなが
ミホコ,美濃本郷,みのほんごう
ミマツ,美濃松山,みのまつやま
ミミ,耳成,みみなし
ミヤ,海山道,みやまど
ミヤツ,近鉄宮津,きんてつみやづ
ミヤナ,美濃青柳,みのやなぎ
ミヤマ,三山木,みやまき
ムカイ,向島,むかいじま
ムタ,六田,むだ
ムノ,室生口大野,むろうぐちおおの
ムロ,室,むろ
メセ,明星,みょうじょう
モソノ,桃園,ももぞの
モトサ,元山上口,もとさんじょうぐち
モモ,桃山御陵前,ももやまごりょうまえ
ヤエ,八戸ノ里,やえのさと
ヤオ,近鉄八尾,きんてつやお
ヤカ,大和上市,やまとかみいち
ヤキ,大和八木,やまとやぎ
ヤキニ,八木西口,やぎにしぐち
ヤサ,美濃山崎,みのやまざき
ヤタ,矢田,やた
ヤト,近鉄弥富,きんてつやとみ
ヤナキ,柳,やなぎ
ヤマ,山田川,やまだがわ
ヤモ,河内山本,かわちやまもと
ユサキ,結崎,ゆうざき
ユノ,湯の山温泉,ゆのやまおんせん
ヨカ,近鉄四日市,きんてつよっかいち
ヨク,吉野神宮,よしのじんぐう
ヨコヤ,志摩横山,しまよこやま
ヨシ,吉野,よしの
ヨシタ,吉田,よした
ヨノ,吉野口,よしのぐち
ヨロ,養老,ようろう
ワカエ,若江岩田,わかえいわた
ワマ,伊勢若松,いせわかまつ
ワラ,柏原,かしわら
ワラミ,柏原南口,かしわらみなみぐち
